-- phpMyAdmin SQL Dump
-- version 5.2.0
-- https://www.phpmyadmin.net/
--
-- Servidor: 127.0.0.1
-- Tiempo de generación: 15-11-2022 a las 20:59:11
-- Versión del servidor: 10.4.24-MariaDB
-- Versión de PHP: 8.1.6

SET SQL_MODE = "NO_AUTO_VALUE_ON_ZERO";
START TRANSACTION;
SET time_zone = "+00:00";


/*!40101 SET @OLD_CHARACTER_SET_CLIENT=@@CHARACTER_SET_CLIENT */;
/*!40101 SET @OLD_CHARACTER_SET_RESULTS=@@CHARACTER_SET_RESULTS */;
/*!40101 SET @OLD_COLLATION_CONNECTION=@@COLLATION_CONNECTION */;
/*!40101 SET NAMES utf8mb4 */;

--
-- Base de datos: `two_birds`
--

-- --------------------------------------------------------

--
-- Estructura de tabla para la tabla `categorias`
--

CREATE TABLE `categorias` (
  `id` int(11) NOT NULL,
  `categoria` varchar(255) NOT NULL
) ENGINE=InnoDB DEFAULT CHARSET=utf8mb4;

--
-- Volcado de datos para la tabla `categorias`
--

INSERT INTO `categorias` (`id`, `categoria`) VALUES
(1, 'flora'),
(2, 'fauna'),
(3, 'clima'),
(4, 'océano'),
(5, 'medio ambiente'),
(6, 'medidas');

-- --------------------------------------------------------

--
-- Estructura de tabla para la tabla `categoria_informe`
--

CREATE TABLE `categoria_informe` (
  `id` int(10) UNSIGNED NOT NULL,
  `categoria_id` int(11) NOT NULL,
  `informe_id` int(11) NOT NULL,
  `fecha_alta` datetime NOT NULL,
  `fecha_baja` datetime DEFAULT NULL
) ENGINE=InnoDB DEFAULT CHARSET=utf8mb4;

--
-- Volcado de datos para la tabla `categoria_informe`
--

INSERT INTO `categoria_informe` (`id`, `categoria_id`, `informe_id`, `fecha_alta`, `fecha_baja`) VALUES
(1, 3, 29, '0000-00-00 00:00:00', NULL),
(2, 2, 40, '2022-09-11 00:22:44', NULL),
(3, 5, 40, '2022-09-11 00:24:02', NULL),
(4, 2, 46, '2022-09-11 05:16:49', NULL),
(5, 1, 47, '2022-09-11 05:18:29', '2022-09-08 14:55:02'),
(6, 1, 50, '2022-09-11 05:23:48', NULL),
(7, 3, 50, '2022-09-11 05:23:48', NULL),
(8, 4, 50, '2022-09-11 05:23:48', NULL),
(9, 5, 50, '2022-09-11 05:23:48', NULL),
(10, 3, 29, '0000-00-00 00:00:00', NULL),
(11, 2, 40, '2022-09-11 00:22:44', NULL),
(12, 5, 40, '2022-09-11 00:24:02', NULL),
(13, 2, 46, '2022-09-11 05:16:49', NULL),
(14, 1, 47, '2022-09-11 05:18:29', NULL),
(15, 1, 50, '2022-09-11 05:23:48', NULL),
(16, 3, 50, '2022-09-11 05:23:48', NULL),
(17, 4, 50, '2022-09-11 05:23:48', NULL),
(18, 5, 50, '2022-09-11 05:23:48', NULL),
(19, 2, 51, '2022-09-14 03:24:09', '2022-09-16 01:43:55'),
(20, 5, 51, '2022-09-14 03:24:09', '2022-09-16 01:43:55'),
(21, 2, 51, '2022-09-15 23:24:11', '2022-09-16 01:43:55'),
(22, 2, 51, '2022-09-16 01:28:26', '2022-09-16 01:43:55'),
(23, 4, 51, '2022-09-16 01:28:26', '2022-09-16 01:43:55'),
(24, 5, 51, '2022-09-16 01:28:26', '2022-09-16 01:43:55'),
(25, 3, 51, '2022-09-16 01:32:16', '2022-09-16 01:43:55'),
(26, 4, 51, '2022-09-16 01:37:58', '2022-09-16 01:43:55'),
(27, 2, 51, '2022-09-16 01:38:16', '2022-09-16 01:43:55'),
(28, 5, 51, '2022-09-16 01:38:16', '2022-09-16 01:43:55'),
(29, 2, 51, '2022-09-16 01:38:56', '2022-09-16 01:43:55'),
(30, 5, 51, '2022-09-16 01:38:56', '2022-09-16 01:43:55'),
(31, 4, 51, '2022-09-16 01:43:39', '2022-09-16 01:43:55'),
(32, 1, 51, '2022-09-16 01:43:55', NULL),
(33, 1, 49, '2022-09-25 07:52:16', '2022-09-25 07:52:45'),
(39, 1, 73, '2022-10-12 02:05:34', '2022-11-07 05:36:09'),
(40, 2, 73, '2022-10-12 02:05:34', '2022-11-07 05:36:09'),
(41, 4, 73, '2022-10-12 02:05:34', '2022-11-07 05:36:09'),
(42, 5, 73, '2022-10-12 02:05:34', '2022-11-07 05:36:09'),
(43, 1, 73, '2022-10-12 02:07:10', '2022-11-07 05:36:09'),
(44, 2, 73, '2022-10-12 02:07:10', '2022-11-07 05:36:09'),
(45, 5, 73, '2022-10-12 02:07:10', '2022-11-07 05:36:09'),
(46, 5, 74, '2022-10-12 02:09:43', '2022-11-07 05:36:24'),
(47, 5, 74, '2022-10-12 02:10:05', '2022-11-07 05:36:24'),
(48, 5, 74, '2022-10-12 02:11:20', '2022-11-07 05:36:24'),
(49, 4, 75, '2022-10-12 02:13:51', '2022-11-07 05:36:34'),
(50, 5, 75, '2022-10-12 02:13:51', '2022-11-07 05:36:34'),
(51, 5, 76, '2022-10-19 01:17:49', NULL),
(52, 6, 76, '2022-10-19 01:17:49', NULL),
(53, 3, 77, '2022-10-19 03:57:51', '2022-10-29 09:06:28'),
(54, 3, 77, '2022-10-29 09:03:28', '2022-10-29 09:06:28'),
(55, 3, 77, '2022-10-29 09:05:17', '2022-10-29 09:06:28'),
(56, 3, 77, '2022-10-29 09:05:52', '2022-10-29 09:06:28'),
(57, 3, 77, '2022-10-29 09:06:09', '2022-10-29 09:06:28'),
(58, 3, 77, '2022-10-29 09:06:28', NULL),
(59, 4, 78, '2022-11-06 04:07:40', NULL),
(60, 1, 73, '2022-11-07 05:36:09', NULL),
(61, 2, 73, '2022-11-07 05:36:09', NULL),
(62, 5, 73, '2022-11-07 05:36:09', NULL),
(63, 5, 74, '2022-11-07 05:36:24', NULL),
(64, 4, 75, '2022-11-07 05:36:34', NULL),
(65, 5, 75, '2022-11-07 05:36:34', NULL);

-- --------------------------------------------------------

--
-- Estructura de tabla para la tabla `comentarios`
--

CREATE TABLE `comentarios` (
  `id` int(10) UNSIGNED NOT NULL,
  `comentario_padre_id` int(11) DEFAULT NULL,
  `usuario_id` int(11) NOT NULL,
  `comentario` varchar(1000) NOT NULL,
  `informe_id` int(11) NOT NULL,
  `fecha_alta` datetime NOT NULL,
  `fecha_modificacion` int(11) DEFAULT NULL,
  `fecha_baja` datetime DEFAULT NULL,
  `notificacion_baja` datetime DEFAULT NULL,
  `destacado` datetime DEFAULT NULL
) ENGINE=InnoDB DEFAULT CHARSET=utf8mb4;

--
-- Volcado de datos para la tabla `comentarios`
--

INSERT INTO `comentarios` (`id`, `comentario_padre_id`, `usuario_id`, `comentario`, `informe_id`, `fecha_alta`, `fecha_modificacion`, `fecha_baja`, `notificacion_baja`, `destacado`) VALUES
(1, NULL, 16, 'como anda la cosa', 35, '0000-00-00 00:00:00', NULL, NULL, NULL, NULL),
(2, NULL, 16, ':v', 40, '0000-00-00 00:00:00', NULL, NULL, NULL, NULL),
(3, NULL, 1, 'among us', 21, '0000-00-00 00:00:00', NULL, NULL, NULL, NULL),
(4, NULL, 9, 'epico', 40, '0000-00-00 00:00:00', NULL, NULL, NULL, NULL),
(5, NULL, 15, 'wewiwabo', 23, '0000-00-00 00:00:00', NULL, NULL, NULL, NULL),
(6, NULL, 1, 'puto el que lo lea', 40, '0000-00-00 00:00:00', NULL, NULL, NULL, NULL),
(7, NULL, 9, 'La verdad me a interesado el tema lo podrias desarrollar un poco mas en otro informe?', 35, '0000-00-00 00:00:00', NULL, NULL, NULL, NULL),
(8, NULL, 1, 'me gusta los arboles :)', 35, '0000-00-00 00:00:00', NULL, NULL, NULL, NULL),
(9, NULL, 1, 'admiro este informe', 35, '0000-00-00 00:00:00', NULL, NULL, NULL, NULL),
(10, NULL, 16, 'admiro que admires mi informe', 35, '0000-00-00 00:00:00', NULL, NULL, NULL, NULL),
(11, NULL, 9, 'admiro esa admiracion', 35, '0000-00-00 00:00:00', NULL, NULL, NULL, NULL),
(12, NULL, 29, 'esa es mucha admiracion, admiro eso', 51, '0000-00-00 00:00:00', NULL, NULL, NULL, NULL),
(13, NULL, 29, 'probando con nuevas tablas', 49, '2022-09-16 03:19:50', NULL, NULL, NULL, NULL),
(14, 13, 29, 'probando parent_id', 49, '2022-09-16 03:20:18', NULL, NULL, NULL, NULL),
(15, 13, 29, 'si funciona xd', 49, '2022-09-16 03:35:40', NULL, NULL, NULL, NULL),
(16, 13, 29, 'a', 49, '2022-09-16 03:36:18', NULL, NULL, NULL, NULL),
(17, NULL, 29, 'aaaaaaaa', 46, '2022-09-16 03:36:36', NULL, NULL, NULL, NULL),
(18, NULL, 29, 'siuuuuuu', 46, '2022-09-16 03:36:45', NULL, NULL, NULL, NULL),
(19, 17, 29, 'si', 46, '2022-09-16 03:36:50', NULL, NULL, NULL, NULL),
(20, 18, 29, 'xd', 46, '2022-09-16 03:36:54', NULL, NULL, NULL, NULL),
(21, NULL, 31, 'si', 60, '2022-09-25 01:45:36', NULL, NULL, NULL, NULL),
(22, 21, 31, 'no', 60, '2022-09-25 01:45:42', NULL, NULL, NULL, NULL),
(23, 21, 31, 'tal vez', 60, '2022-09-25 01:45:58', NULL, NULL, NULL, NULL),
(24, NULL, 31, 'xd', 59, '2022-09-25 02:35:48', NULL, NULL, NULL, NULL),
(25, NULL, 29, 'hola comentario de prueba inminente', 59, '2022-09-25 02:48:28', NULL, NULL, '2022-09-25 03:02:49', NULL),
(26, 25, 31, 'si', 59, '2022-10-07 07:58:49', NULL, NULL, NULL, NULL),
(27, 25, 31, 'si', 59, '2022-10-07 07:58:49', NULL, NULL, NULL, NULL),
(28, 25, 31, 'a', 59, '2022-10-07 07:59:01', NULL, NULL, NULL, NULL),
(29, 25, 31, 'a', 59, '2022-10-07 07:59:01', NULL, NULL, NULL, NULL),
(30, NULL, 31, 'a', 59, '2022-10-07 08:04:46', NULL, NULL, NULL, NULL),
(31, 25, 31, 'xd', 59, '2022-10-07 08:07:29', NULL, NULL, NULL, NULL),
(37, NULL, 31, 'hola', 77, '2022-10-29 08:27:03', NULL, NULL, NULL, NULL),
(39, NULL, 31, 'jejejeje', 77, '2022-10-29 08:29:09', NULL, NULL, NULL, NULL),
(40, NULL, 31, 'jejejeje', 77, '2022-10-29 08:31:58', NULL, NULL, NULL, NULL),
(46, 40, 31, '******\r\n', 77, '2022-10-29 09:06:42', NULL, NULL, NULL, NULL),
(48, NULL, 31, '****** ****** ******', 77, '2022-10-29 09:10:55', NULL, NULL, NULL, NULL),
(49, NULL, 31, 'tom chino', 73, '2022-11-05 04:04:49', NULL, NULL, NULL, NULL),
(50, NULL, 31, 'aaaaa', 73, '2022-11-05 04:05:24', NULL, NULL, NULL, NULL),
(51, NULL, 31, 'sa', 73, '2022-11-05 04:06:16', NULL, NULL, NULL, NULL),
(52, NULL, 31, 'adsfdga', 73, '2022-11-05 04:06:44', NULL, NULL, NULL, NULL),
(53, NULL, 31, 'aaaaaaa', 73, '2022-11-05 04:07:55', NULL, NULL, NULL, NULL),
(54, NULL, 31, 'sas', 73, '2022-11-05 04:09:36', NULL, NULL, NULL, NULL),
(55, NULL, 31, 'aassf', 73, '2022-11-05 04:10:18', NULL, NULL, NULL, NULL),
(56, NULL, 31, 'sas', 73, '2022-11-05 04:10:42', NULL, NULL, NULL, NULL),
(57, NULL, 31, 'sasdfa', 73, '2022-11-05 04:11:02', NULL, NULL, NULL, NULL),
(58, NULL, 31, 'adfs', 73, '2022-11-05 04:11:14', NULL, NULL, NULL, NULL),
(59, NULL, 31, 'xddddddd', 73, '2022-11-05 04:12:00', NULL, NULL, NULL, NULL),
(60, 59, 31, 'asi', 73, '2022-11-05 04:12:05', NULL, NULL, NULL, NULL),
(61, NULL, 31, 'OHHHHYEEEAAA', 47, '2022-11-06 03:52:07', NULL, NULL, NULL, NULL),
(62, 48, 51, 'no digan palabrotas >:(', 77, '2022-11-06 03:55:56', NULL, NULL, '2022-11-06 03:56:25', NULL),
(63, NULL, 51, 'comentario de prueba', 58, '2022-11-06 05:29:41', NULL, NULL, NULL, NULL),
(64, 48, 31, 'a', 77, '2022-11-15 08:21:59', NULL, NULL, NULL, NULL);

-- --------------------------------------------------------

--
-- Estructura de tabla para la tabla `comentario_likes`
--

CREATE TABLE `comentario_likes` (
  `id` int(11) NOT NULL,
  `usuario_id` int(11) NOT NULL,
  `comentario_id` int(11) NOT NULL,
  `fecha_alta` datetime NOT NULL,
  `fecha_baja` datetime DEFAULT NULL
) ENGINE=InnoDB DEFAULT CHARSET=utf8mb4;

-- --------------------------------------------------------

--
-- Estructura de tabla para la tabla `donaciones`
--

CREATE TABLE `donaciones` (
  `id` int(10) UNSIGNED NOT NULL,
  `importe` int(11) NOT NULL,
  `usuario_id` int(11) NOT NULL,
  `fecha_alta` datetime NOT NULL
) ENGINE=InnoDB DEFAULT CHARSET=utf8mb4;

--
-- Volcado de datos para la tabla `donaciones`
--

INSERT INTO `donaciones` (`id`, `importe`, `usuario_id`, `fecha_alta`) VALUES
(1, 674, 9, '0000-00-00 00:00:00'),
(2, 56, 9, '0000-00-00 00:00:00'),
(3, 300, 9, '0000-00-00 00:00:00'),
(4, 45, 9, '0000-00-00 00:00:00'),
(5, 500, 9, '0000-00-00 00:00:00'),
(6, 20, 9, '0000-00-00 00:00:00'),
(7, 250, 1, '0000-00-00 00:00:00'),
(8, 1000, 16, '0000-00-00 00:00:00'),
(9, 1200, 16, '0000-00-00 00:00:00'),
(10, 750, 1, '0000-00-00 00:00:00'),
(11, 200, 1, '0000-00-00 00:00:00'),
(12, 25, 15, '0000-00-00 00:00:00'),
(13, 13, 15, '0000-00-00 00:00:00'),
(14, 1, 9, '0000-00-00 00:00:00'),
(15, 674, 9, '0000-00-00 00:00:00'),
(16, 56, 9, '0000-00-00 00:00:00'),
(17, 300, 9, '0000-00-00 00:00:00'),
(18, 45, 9, '0000-00-00 00:00:00'),
(19, 500, 9, '0000-00-00 00:00:00'),
(20, 20, 9, '0000-00-00 00:00:00'),
(21, 250, 1, '0000-00-00 00:00:00'),
(22, 1000, 16, '0000-00-00 00:00:00'),
(23, 1200, 16, '0000-00-00 00:00:00'),
(24, 750, 1, '0000-00-00 00:00:00'),
(25, 200, 1, '0000-00-00 00:00:00'),
(26, 25, 15, '0000-00-00 00:00:00'),
(27, 13, 15, '0000-00-00 00:00:00'),
(28, 1, 9, '0000-00-00 00:00:00'),
(29, 443, 29, '2022-09-14 03:14:48'),
(30, 500, 29, '2022-09-14 03:17:09'),
(31, 500, 29, '2022-09-14 03:20:01'),
(32, 500, 29, '2022-09-14 03:20:34'),
(33, 9134, 31, '2022-10-10 01:46:19'),
(39, 200, 58, '2022-10-26 02:34:38'),
(40, 200, 58, '2022-10-26 02:35:49'),
(41, 300, 58, '2022-10-26 02:35:56'),
(42, 212, 58, '2022-10-26 02:36:06'),
(43, 500, 31, '2022-11-02 12:03:51'),
(44, 500, 31, '2022-11-02 12:04:58');

-- --------------------------------------------------------

--
-- Estructura de tabla para la tabla `favoritos`
--

CREATE TABLE `favoritos` (
  `id` int(10) UNSIGNED NOT NULL,
  `usuario_id` int(11) NOT NULL,
  `informe_id` int(11) NOT NULL,
  `fecha_alta` datetime NOT NULL,
  `fecha_baja` datetime DEFAULT NULL
) ENGINE=InnoDB DEFAULT CHARSET=utf8mb4;

--
-- Volcado de datos para la tabla `favoritos`
--

INSERT INTO `favoritos` (`id`, `usuario_id`, `informe_id`, `fecha_alta`, `fecha_baja`) VALUES
(1, 9, 22, '0000-00-00 00:00:00', NULL),
(2, 9, 31, '0000-00-00 00:00:00', NULL),
(3, 9, 22, '0000-00-00 00:00:00', NULL),
(4, 9, 31, '0000-00-00 00:00:00', NULL),
(5, 29, 49, '2022-09-16 03:16:41', '2022-09-16 03:16:47'),
(6, 29, 49, '2022-09-16 03:16:46', '2022-09-16 03:16:47'),
(7, 29, 49, '2022-09-16 03:17:42', NULL),
(8, 31, 49, '2022-09-24 06:47:32', NULL),
(14, 58, 73, '2022-10-26 02:34:12', '2022-10-26 02:34:13'),
(15, 58, 73, '2022-10-26 02:34:16', NULL),
(16, 31, 74, '2022-10-31 11:40:53', '2022-11-05 04:56:08'),
(17, 31, 73, '2022-11-05 04:34:58', '2022-11-15 06:27:24'),
(18, 31, 73, '2022-11-05 04:36:17', '2022-11-15 06:27:24'),
(19, 31, 73, '2022-11-05 04:36:19', '2022-11-15 06:27:24'),
(20, 31, 73, '2022-11-05 04:37:04', '2022-11-15 06:27:24');

-- --------------------------------------------------------

--
-- Estructura de tabla para la tabla `informes`
--

CREATE TABLE `informes` (
  `id` int(10) UNSIGNED NOT NULL,
  `usuario_id` int(11) NOT NULL,
  `titulo` varchar(100) NOT NULL,
  `contenido` longblob NOT NULL,
  `encabezado` varchar(100) NOT NULL,
  `fecha_modificacion` datetime DEFAULT NULL,
  `fecha_alta` datetime NOT NULL,
  `fecha_baja` datetime DEFAULT NULL
) ENGINE=InnoDB DEFAULT CHARSET=utf8mb4;

--
-- Volcado de datos para la tabla `informes`
--

INSERT INTO `informes` (`id`, `usuario_id`, `titulo`, `contenido`, `encabezado`, `fecha_modificacion`, `fecha_alta`, `fecha_baja`) VALUES
(42, 34, 'dssfghjjk', 0x3c703e736473646667686a3c2f703e, 'dsfdghj', NULL, '2022-09-11 05:13:33', NULL),
(43, 34, 'dssfghjjk', 0x3c703e736473646667686a3c2f703e, 'dsfdghj', NULL, '2022-09-11 05:14:14', '2022-11-01 10:31:08'),
(44, 32, 'dssfghjjk', 0x3c703e736473646667686a3c2f703e, 'dsfdghj', NULL, '2022-09-11 05:15:04', NULL),
(45, 32, 'dssfghjjk', 0x3c703e736473646667686a3c2f703e, 'dsfdghj', NULL, '2022-09-11 05:15:47', '2022-11-09 18:29:20'),
(46, 18, 'dssfghjjk', 0x3c703e736473646667686a3c2f703e, 'dsfdghj', NULL, '2022-09-11 05:16:49', '2022-10-07 06:58:49'),
(47, 31, 'holA', 0x3c703e646667686a3c2f703e, 'dsfgh', NULL, '2022-09-11 05:18:29', NULL),
(48, 18, 'dssfgh', 0x3c703e66736768663c2f703e, 'dfgh', NULL, '2022-09-11 05:19:29', '2022-11-08 18:29:42'),
(49, 31, 'dssfgh', 0x3c703e66736768663c2f703e, 'dfgh', '2022-09-25 07:52:45', '2022-09-11 05:23:07', '2022-11-01 10:27:56'),
(50, 31, 'dssfgh', 0x3c703e66736768663c2f703e, 'dfgh', NULL, '2022-09-11 05:23:48', '2022-09-05 00:00:00'),
(51, 29, 'asadsfdghjk', 0x3c703e64667364676668676a6b6c74667967683c2f703e0d0a3c703e266e6273703b3c2f703e0d0a3c703e666467686a6b3c2f703e, 'srrgthj', '2022-09-16 01:43:55', '2022-09-14 03:24:09', '2022-09-16 02:10:39'),
(52, 31, 'd', 0x3c703e643c2f703e, 'd', NULL, '2022-09-24 11:16:51', NULL),
(53, 31, 'd', 0x3c703e643c2f703e, 'd', NULL, '2022-09-24 11:19:43', NULL),
(54, 31, 'd', 0x3c703e643c2f703e, 'd', NULL, '2022-09-24 11:20:50', NULL),
(55, 31, 'd', 0x3c703e643c2f703e, 'd', NULL, '2022-09-24 11:20:59', NULL),
(56, 31, 'd', 0x3c703e643c2f703e, 'd', NULL, '2022-09-25 12:48:15', NULL),
(57, 31, 'd', 0x3c703e643c2f703e, 'd', NULL, '2022-09-25 12:48:24', NULL),
(58, 31, 'd', 0x3c703e643c2f703e, 'd', NULL, '2022-09-25 12:48:30', NULL),
(59, 31, 'd', 0x3c703e643c2f703e, 'd', NULL, '2022-09-25 12:48:36', '2022-11-06 05:29:11'),
(60, 31, 'd', 0x3c703e643c2f703e, 'd', NULL, '2022-09-25 12:48:43', '2022-09-25 02:14:06'),
(61, 31, 'd', 0x3c703e643c2f703e, 'd', NULL, '2022-09-25 12:48:50', '2022-09-25 01:43:03'),
(62, 31, 'd', 0x3c703e643c2f703e, 'd', NULL, '2022-09-25 01:23:40', NULL),
(63, 31, 'd', 0x3c703e643c2f703e, 'd', NULL, '2022-09-25 01:23:48', NULL),
(64, 31, 'd', 0x3c703e643c2f703e, 'd', NULL, '2022-09-25 01:23:54', NULL),
(65, 29, 'd', 0x3c703e643c2f703e, 'd', NULL, '2022-09-25 01:24:00', NULL),
(66, 31, 'd', 0x3c703e643c2f703e, 'd', NULL, '2022-09-25 01:24:05', NULL),
(67, 31, 'd', 0x3c703e643c2f703e, 'd', NULL, '2022-09-25 01:24:10', NULL),
(73, 54, 'Cambio Climatico', 0x3c703e3c696d67207372633d2268747470733a2f2f7777772e677265656e70656163652e6f72672f7374617469632f706c616e6574342d617267656e74696e612d73746174656c6573732f323032322f30352f61383461363466612d696e63656e64696f2d656e65726f2d323032322d6c61676f732d6d617274696e2d792d7374656666656e2d3030312d6372656469746f2d6d617263656c6f2d6d617274696e657a2d677265656e70656163652d352d31303234783638332e6a70672220616c743d22222077696474683d223130323422206865696768743d22363833223e4c6f73203c7374726f6e673e7072696e636970616c65732072696573676f73266e6273703b3c2f7374726f6e673e7061726120416d266561637574653b726963612043656e7472616c20792064656c2053757220736f6e206c61266e6273703b3c7374726f6e673e66616c74612064652061636365736f20616c206167756120706f7461626c652c2065666563746f732073616e69746172696f7320677261766573266e6273703b3c2f7374726f6e673e2864656269646f20616c2061756d656e746f206465206c61732065706964656d696173292c206c61266e6273703b3c7374726f6e673e646567726164616369266f61637574653b6e206465206c6f732065636f73697374656d6173206465206c6f732061727265636966657320646520636f72616c3c2f7374726f6e673e266e6273703b2864656269646f20616c20626c616e717565616d69656e746f206465206c6f7320636f72616c6573292c266e6273703b3c7374726f6e673e73657175266961637574653b6173206672656375656e74657320792f6f2065787472656d61733c2f7374726f6e673e266e6273703b71756520706f6e6472266161637574653b6e20656e2070656c6967726f206c61266e6273703b3c7374726f6e673e73656775726964616420616c696d656e74617269613c2f7374726f6e673e266e6273703b79206c6173266e6273703b3c7374726f6e673e696e756e646163696f6e65733c2f7374726f6e673e2c206c6f7320636f7272696d69656e746f73206465207469657272612c206c61266e6273703b3c7374726f6e673e7375626964612064656c206e6976656c2064656c206d61723c2f7374726f6e673e2c206c6173206d61726561732064652074656d7065737461642079206c612065726f7369266f61637574653b6e20636f7374657261207175652070756564652067656e65726172206461266e74696c64653b6f732073657665726f732061206c61207669646120792061206d6564696f732064652073756273697374656e6369612e266e6273703b3c2f703e, '¿Por que nos tiene que importar muchísimo el cambio climático y que hay que hacer para que no afecte', '2022-11-07 05:36:09', '2022-10-12 02:05:34', NULL),
(74, 54, 'Medio Ambiente ', 0x3c64697620636c6173733d2277445978686322206c616e673d2265732d3431392220646174612d6d643d223631223e0d0a3c64697620636c6173733d224c474f6a68652220726f6c653d2268656164696e672220646174612d6174747269643d2277613a2f6465736372697074696f6e2220617269612d6c6576656c3d22332220646174612d68766569643d22434138514141223e3c7370616e20636c6173733d22494c6675566422206c616e673d226573223e3c7370616e20636c6173733d2268674b456c63223e456c206d6564696f20616d6269656e7465266e6273703b3c7374726f6e673e657320756e2073697374656d6120666f726d61646f20706f7220656c656d656e746f73206e61747572616c65732079206172746966696369616c65732071756520657374266161637574653b6e20696e74657272656c6163696f6e61646f7320792071756520736f6e206d6f646966696361646f7320706f72206c612061636369266f61637574653b6e2068756d616e613c2f7374726f6e673e2e2053652074726174612064656c20656e746f726e6f2071756520636f6e646963696f6e61206c6120666f726d612064652076696461206465206c6120736f63696564616420792071756520696e636c7579652076616c6f726573206e61747572616c65732c20736f6369616c657320792063756c747572616c657320717565206578697374656e20656e20756e206c756761722079206d6f6d656e746f2064657465726d696e61646f2e3c2f7370616e3e3c2f7370616e3e3c2f6469763e0d0a3c2f6469763e0d0a3c64697620636c6173733d2267223e0d0a3c646976206c616e673d2265732220646174612d68766569643d2243416b5141412220646174612d7665643d22326168554b45776a7530757a3930397236416858387570554348623472446a6351465367416567514943524141223e0d0a3c64697620636c6173733d22744632437863223e3c696d67207372633d2268747470733a2f2f7777772e676f6f676c652e636f6d2f696d677265733f696d6775726c3d6874747073253341253246253246696e74656772617273652e6f726725324677702d636f6e74656e7425324675706c6f61647325324632303139253246313125324663616d62696f2d636c696d617469636f2e6a706726616d703b696d6772656675726c3d6874747073253341253246253246696e74656772617273652e6f72672532466375696461646f2d64656c2d6d6564696f2d616d6269656e74652d706f722d7175652d696d706f72746125324626616d703b74626e69643d5a436c786c3656304a4f47564b4d26616d703b7665743d31326168554b45776a4739635332314e723641685579705a55434862593344506f514d796743656755494152433541512e2e6926616d703b646f6369643d577864764b616a734a5a4334514d26616d703b773d37343026616d703b683d34393026616d703b713d4375616e646f253230656c2532306d6564696f253230616d6269656e746526616d703b7665643d326168554b45776a4739635332314e723641685579705a55434862593344506f514d796743656755494152433541512220616c743d22223e3c696d67207372633d22646174613a696d6167652f6a7065673b6261736536342c2f396a2f34414151536b5a4a5267414241514141415141424141442f3277434541416f4843425957465267574668595a475267614768775a4742776147686f614768776547686f634768776148426f654953346c48523472487877634a6a676d4b7938784e5455314843513751447330507934304e5445424441774d4541385148684953486a5972495373324e6a51304e4451304e4451304e4451304e4451304e4451324e4451304e4451304e4451304e4451304d5451304e4451304e4451304e4451304e4451304e4451304e502f4141424549414c634246414d4249674143455145444551482f784141624141414242514542414141414141414141414141414141454141454341775547422f2f454144775141414544416751444251594542515541417741414141454141684544495151534d55456955574546453347426b5159796f624842384252433065455649314b5338516469636f4b794d3150532f385141476745414177454241514541414141414141414141414141414145434177514642762f45414363524141494341674942424149434177414141414141414141424168455349514d7851515154496c45795952527842544f422f396f4144414d4241414952417845415077446e5159305639504776476a6a366f7a7450735770526547455a6734777877466e644f68364b6e744473757052793532675a744949507176726c79636336326e665234376a4a646f4977754f655365484e4976354c55772b4d666c757769467a6d46725a4868334c6b6a326472507a48694a61546f566c79384e765342536f72782b4c7a32496a56425059324a4275744c444e5934757a5242466a31356f6972683645515478614167363959564b616a38615975396d446c53796f7572683464445153713355694e51746c4a4d6d796e4b6e44555468384935376731676b6e3464536a616e596c52724338355947734754386c4d75534d585459306d77504331797a532f6969483435784d7750445a44436b7254686e4455516f6b6f4e327857783356584f4e725371617546654c6c703864565932675359467a30563771447730337365716d31486f44505a5a514c55533669516f5a56726467564269794d61376a64302f514c63685a474a59445564346a2f7741686566384135442f5776374f6a307635502b675a7239504257746559412b37707a544767354a787142344c787a754e5041564c334268614c616e4551335132487173374373494176795071745367476a4c504d4835667572544a59786f5a695a4858366f5a7a594e2f754a6e364c576f4d7a487070366f50746e44355148622f34547341436f364a354551505756532b7735796b3170647144705a4f57326a7a5341597648364a6a584f6b7170303254504d45646633547343544b7a6f7564314a3161393152557149647a307248515456784a5644362f7a564c3333386c55584a5a446f7575534f717171636b685573453152337953735a4d4a4b6d6d363271534c4139316258593851637033677874757563397232423751413079494d67487261595853596a735268454d3448624f467a346543617632515131785a554f593642774262356a58566263504a47456c4a4d796e47556f30306556476d6c6b585164743969316d667a484d45456e4e6b6c7745666d4e7241724468652f783871354933466e6e546934756d52445370414b62564973564f524e695a58634e436d4c69645534596e444574437374773955736d4c53496b574b7670347439344a6769434e6c5131717470744738724f536a35515a4d7370303347346a774b30635069784756374279484a553071374132444a54764f57355934447143504b66765259543236614c6a72615a703458434d646d35485345553373706a6d78486d67734678435277446c7a38317559616f41494f71344f57553476544f766a555a4c614f62723968766144655250335a527766732b2b51353045624c71334f4a45524373773562377361616f2f6c38696a5258735273343374587339724a302f66795846342b6e465678366a2f774168657931634653634863496c396e6665793873397061415a69616a47697763325037476b714f586e7a676f7675796f63574d6d2f426c314737377a394539436c75667536755a524a624b4966516876337375577a636c546638766b72734f5337776b49554436543672527734306a37697854736d6a6277464867486a5a4364705955754d6e2b6e35665572567747474c4130336a6c79736c6957386d37414a32493570754831414733364a6d3455366e7750722b79327165484e3345514a685272557753596e5350723955774f66715543306e706f6641685a7549385630574a7079324e622f4e5a46656c66543775686a526c6c3135385658395169487335666571693269593966384b4367615573742f766457476951564c4a62782b685141475474312f644f32392b717664547439386c62536f362b61414167784a615063684f6e5157657755386631567778764e596c4846416168484d72734b75584854364d314f2f49592f46474c656858495933736776714f6330426a535a6a594865504e64493675776146413163597747355852366555344e754b4d6562475862414f7a757a4773504752364c547164693048435354346777677133614c54625565696f2f48645042627463736e6c62544d6c4b4556565756596a734677644448416a596e36713274374f75444d7a585a7a487567523436367256374b6561683075496c626a4d4f5173352b713549756d2b693463455a71306565567345396b5a326b547050716a4d42325056717463356a53344e3130486b4a314b375846594956474668414a4f686959367254374d777a614c41786f6a6e4f704a755355702f354234365778523948387476527a33732f374d6c6a323161686159624962476a694e3535664e6248616a475647466a3279336c665558476c305a5672645549384678737547584e4b637335505a324c6a6a474f4b36504f366c4639493854584e6e53515270754673344448764d4c70635a326579714735327a6c332b6e677376744c73646a476c394f576b43636f7544354c742f6b7735456c4a624f54325a516263586f6b2f455068516f75456c306e4d524273734a2b4f6359487956376351346252346e6d706e434d46386d6b4335636d61546e314e7932504e635032764c735138366b6b662b51757670646f416538756537547068373331426f646a593245622b43354f546d346e38553166364e34665a6a553263394e66564750624e76452b7055716d454a413030352b4b6941622f414875564b6b6e3061677a472f5166475666524d4834716261653368386970735a4e756c6c53594737674d6136325979324566577844434f4663336d4974344c51773835535475666f67524f6f2f4d444833397971586d43643951706c747262714c42505466344a324941724e676b666571793854544a4a57336947333855476150333570675a624b483336714471512b4a2b693071744944525664336f704b4d78395070397970436c61507656487577386b6666696e4648366f417a4268746648395663316c7a626e386b594747596a37684e5477785033344b68413153694c654153576a2b424b5a4d527134696b356d686c75784372373478715664447875666f716e4d5872522f5a356b7066517a4b7276454a33756e62305474596a634667792b5969776c4f546a46577955705364497a69336f553751746245594a7a414a6936454e506f6c486b556c6143555846307a57396e366f59444458456d4a734945646431756a456739504779353341316d4e41426b626e6b745044316d505076446f46352f4e47354f564864777a714b6a5a73594b70456c58317138335761315746316c78754f7a715430506d4a4b74665541576561715535743038525a4250346f44644359724632506e2f68557677702f715766326854495a5a30632b586e392b697031474c6b694a4e6d5256786d5233413254754e787a2b5a394e6b485172393448532b43415242754e6f6a784a362f4e4c473051534358474344496769597543514e655564664259374b52446a4a3464496144412f4e4a47776778505458514c794f5362354a4f636e6246474b53304734656f39786348794777485330375479494247326e546f726174497877766b37434e5045376d2f77515749726c67417a41674749644167474246704d324950514c4f64326b304f49616330675442644578746f5969332b464549584c4b7446306142724672344c69446f4e39786f4974616658304c703474706b452f6d496142734c77546266364c42625875584f3435734a46684a6e6e352b53314d42554755355242462f4f5262702b2b713645327057426f745a786450325536564c64563462464e2f4e59774a4f6f764f34576c53772f44506f752b4d6c4c6f614b6d4d353771396c68436431504b564b4c65717577496a58314b69316876344b777374393955344d497343767577596c526454614a556e6b4a6e695a2b3930574144565a71715774763841664e487659506d71335537325373414e757672386c62544176492b35437562515578527367434d4e73594667457165476e625755534b647271656b526f71735646624d4a62554a4b7a76416e525955615666736c375a49687736666f6852687032585176665a55696d4676486e6c577a4358424739474b4f7a353052765a2b487945387a5a615963496751464a68415579353553564d634f474d58594869366565424d655371505a3759414d6b6c61516143644665304e35425a726c6c46556a5238555a4f325a394c43736130744c5162372f717132646d734470476d7366756a717a322b6147465a43354a6232446848577569346e564e5748444b4864575565394a736b6f73626b6968395336694d51526f704671634d484a61596d65517a3855347248375871314945416754427343485459617a312b777458457544424d4c4c72597037326e4b4a4679344169596d4a6a566376717052776356642f6f4c73357646596d526c6d4351644851637745774c43647261336930684a72686c3451473567415353444558755775766552662b6f364b654f657a4e6d65357a577a4a6532354a33676753336e722b554b623241687279386b437a577a776b52596779497349384f734c794c53534c6a5269567063546e466a496136774179446949764246682b31696f34627374787a5a774a4968743546356e7153756c4765594441516278596b466f6a6e41466a7079693072473751784c69666445445141584858772f5661516d3561536f704f774e7543494c513074796e38784f5561442b6f61362b69497174617932615271524a6e33515a424775764a446e46467438346741534a5078744b4778474f59374c4d574a6b474a764634693633635a4d544e527a7a417a534c634f6f647a303956317548784c5177536451333468634e32645561586c7a35796173755341527a41476b362b43304b4e597545756465524d524538396845624c61487857686f37427a707674392f6f6f776f3443433230514c61673657755275727854302b3931304a6c4139523269726345596153694b436468514935716379697868314c7574555741434b646b2f6433386b614b616b326e72393768414151706171624b512b49524170664657696c614557414557706e677752312f5a474d6f3342556d30376f73414674506f6b6a6853535259422f65712f445047364562524a324b4d6f744c577841386431724b714d6b335955786f4b6b616172777a344639565a336979665a7171614a4d7768496e514b5177526a337667726d563752364b65615265796c746a53526e50776b7a65595644734847713048534e44716d5a544c7431536c516e457a2f776f5554686746714f776e5651795a624b6c4d68774d37384f64646b3364466246617143304e686335573758444b6d567044324857476e4d4e684569392b53487a592f6b544c6a534d7a742b6f575045744632384a4a467a796a59366e66545a59474f3757597743784a62416952786e5351545a6f676b6b58304268622f4147686948315a31464f4a346777416b7957336e4b656c784b346a48734547484e3149414c5a49346749624f34452b3959614265627954796d3275684a42645a6f7143414845526c416b74416e4c662f4148474f4754763853364f465957744c33357741637647585749414d756d774544367a74543248676e6c7638777542793242466841314c5848573276554b327254634f4a72574f447275446e4f61363774436549426f677a634532316b67386b6e76464d665851324d375259775148695159445733486934374354394668314d5548766d626a6562387952462f4e615465786753387566445259634a414c694c5a6233416e7070304b792b31757a6d734966546b467042635162694e39645a50775733436f585359346f71376c6765345a69344833546f59356d31394f664e4c45646c73667842325547784a673369622b554b326a52454179436441536442456b6e6c476c70304b71783753336959304e455a544545584a6830672b412b61366b37644a6c58665255796b574e7962326449646d39494d4557576e527268325673754f6e2b3352702f4e76486d4c4c46613975594152466a4a73346b366a5532747231434d5a584c48694a354365635835387a596f712b79646e6f665956434b5142316d2f4f354a3032576c336178765a6c7233626b7361633177333877504943383336573854306f70726f543061726f446379366675305633536b574a6a417779795a724c6847436d6d464e41416e647157524639326c3361414257733570785433525471616b4b614142425456724b66463546454e596e464f386f41464c456b58336153425558747077705a4a52496f71543665775479465147614e3037615a5251706c49307969776f474c6e445a565072754b4d796c49302b694c51562b774a74516f6c74666d7066687569756268724a4e6f61544b752b504e5165664645756f2b486b6b61534c51774f73346b636a433458746a4231574e6538792f3357774c35515a4a4a4e6f46744262546d7652573042796c637037547365776746347945676741674f366767326a5454723472486d6356484a2b444b53725a79324c66416133696178744950634259756351485a434a73444269386158456f4270592b6f4b6a413537577549617930444c4f356b6c32766a456a6b744131636d624f322b5277635351644a46334f304544717378754e70696d5741687251514774594f38633876752f4c4d616b586b65365851754e664b32684a587330324168674a6e4b515a6b6959426b53415962632b4e674f635a2b4d786a516370414e754a767535593142456d41522b3033576c6873446b596372576e674c686f546e4a4d46334e78634e3530364c43787545494c586b35335a6f633368494633456b68734147596933506c437755566c736e706c7466484e62444b5a5947794159614975504335326b63726172507251346a504755334f30336d4c33576869734c547030354876574d5137504e694a65524a45446c754f6135374534796d48482b6f432b70384777646565327571364f4b4b6530556b32617450735957654b6f6131354d576d526f49424d58676a7936714f4a6f747074446d757a5363735a62415153544949763439554a336a6d6b474775616462673264657730473530492b6f324a724f4d747a474e5141644154495730597962323946554659304d65305a546d4163544e7a414942477749366b3255634c526b4554652b753377516273646c626b7357754f7075594551336d42594878585565782f34555061617a3343654672636f3773456b337a58326a386f75625271746c4774496448612b7a65466547446a42594c5a6d626b67524949326e344c6f685256765a373250626d59414270504f4c432b7030526e6472524b697a4f37684c75466f39326c33615947663343516f4c5137744c7530415a2f6370785257683361627530414169697064796a6537543545414269696b614b4e4445737141417535546f7a4b6b67433473546869747a424b5647534369734d536379565a4b556f735a543361637356737053697855565a55693158536d6c466f5a5233616c6c563070536978555531476b435143343868412b61383639734d613056654a3444326b73364e4d69422f7564463959346831587063726d5061503250703478786335376d4574746c61306b4f476a72692b317638416132396c6a7978636c517052733855396f635543474d476a654d6c35446936627463322b75574a4169466232516539626d71566367424a41446743434d33464961513062626d355858347a2f4145357850346472573932353972444b30674d624451353546334676444f6739434a34663245666869326d317a71706548467a6f79635161534773314e6f6b756b5864466c6d316a454648526e596e4674703032435132494c4746774a683053346b784a36626b7a704342786d4c63356d6468796c6c6d5130484d374b35726e5a74356336424149424631317250384154353570555868775a555948484a414f55754f6d656278796a556d3531533751396736395845757130794d505463414d6f666d7935577439304433515841365868784e696254486a324c453833786d49717571515876644d754965356f674339387644654a6a666c4b7938657948333331476f314768466a48526571562f595232477737367a716f665634513572527747546b4276423049747162334d726c385432597a456970695744497a762b377074466e444d334d4c5845773567496e55784a314f3864506f754d504a7a5747654968705068654e49466a7371792b476e4d576739424a48687046702b7976554b582b6d4c53392f38317a47444b47416874527a72444d35784241416d524563726f50482f414f6c39526f7a5571724875483553445447756f34694155784b4a357858707941664d544578395566685731585059474e7a4f507574416c786745326a58535a364c7073522f70396a575a63725750426342775039304569377067784a326e52656a2b787673324d485449653572337563486b68746d454e4c59615465776352506a704b6432474e6a65786e5a56646c4d5072756775466d514a594e6753526d484f4a744a6d56303364702b3843586568586b68346a5a4573696c33675346514979515552794a5a46504f457334526b676f686b53794b65634a5a776a4a425244496c6b553834537a42475343694f524973553877537a424753436947524a547a424a4753436a43623271442b594a2f346e315842303861577753523176314d527a476e71692f7835324e344579547151496e31486f764666504d77584b32646a2f452b5a5474375336726a6a6a34303544616241625356597a74546c4e78666c49523738782b3464642f452f4c36707832675375565a326c6d6d4e6a6c306b6d774e76766d6b3374612b3441744a734a6d4a2b61663841496d566b645537744b504e4f4f306556317a503852675364703639543849566638554d416747492b6467505655765553595a48556a487555686a7a7a584b73375149744f68764f76687279566e3473784a427365636e6e5937374a2b2f4a686b644d636431546a4839567954386562414e4a6d316a38534548563752654e6949316a694936366f664e49575a323775306f3150676b37745144646341636139776c3259435344744562395156513273393768714241695362645068386b4c6d6b2f4976635a364e2f46527a547437544233586e2f414f4c63485763435462304543506771363249655a346f7552764d584e75757150656c396a7a5a323362654f612b685661544d303352796b435235794175433746714d4c4759647068787866654563674254507244586e2f414b717a766e6b467270494c64496a55622f657943773359344c2b386148734a6e3343655551493652367266683572744d3134705a6150542f7741614f59323136387561656e6a516558532b763672684b5741666c752b7049764d6b6e66707230566a4f7a7168746d644249494a6431384c614c584c396d2b4a335463594f59542f6a426f75485a67366c774b7a704e674364504d2f74716a384e33375463794e68476d2b30584d78666b6b3573616764574d543148716e2f4565454c444e5a306169444d6e6f644c457870486f6d645664466849454461773577443845733250424739332f554a6a69422f68596771675466615a4d6a557865326e77547678524973416442612f6b555a734d456258666a6d706669427a2b437844584a366372456459546e46636a3445456e66365852376a444247306134557539367244625742353345372f4d6949567665633757767638414648754d4d4457373372395533663841565a4a4d614f4e392f7742627170377930385539666549502f61595237675947332b4a326c524f4b4d7875736f7676636d4f5a747941456e652f78554f2f42646f416469596d64494d65535875734d445a2f464a4c494e614c6350393337703065347777504f6d56637a7238774a2b4f766c38564e6c63467734706b6a6f436658546b734d34703530635241734430394c6e4e4374594333387747707a626d4472726f4c66656e4b344938796b61347848475a447041797845626733395a2b3456754778494162447261584e6a37302f34364c4d593845463051413047577764414c786f4a676a7a38555057713851614942444d78747076476c684e764e54676e6f4b4f68705973515344764962626347664565436d7a45474a4a4e374161786352505750766c7a624d51637769637a675a33744d544f774a476e564659697134474147355a64786235526f4c48787356507462476270727a765a3170484e704567544f3443635977416b544f7850584c476d38665659544876675a497a4d655134326944416e71414c655736544d5249454f494a4e38704d5459585035647a363945594452304c635a724757535a76796b362f6579517269546d6a4c73655551622b767838567a3771627549357065513172596d7749624d527472597a716971654a63476b75494e6a484b77424976704567575268586b4c4e77317247626b323331426e35486257437148316e5a737044514c5a72382f3833574d3746356d6a694d444c6364434d7a4c61326a3155716d4e41635a4967336e6e42697835456a61665643692f6f477a57414263524d454343494f30544f30334f696b4b625159414f76444a4a35585079574d7a464f63306875557952475533744d637953547a324a524e58456b734a6563316f416e516b6747307a35663455754c51426c5a6b75735932504d693370716f3036456d35345949316d35362b65765549466c517a41317a444c654462686b2b4f6b3956665872746c7776776b456b4f6152766d4a486c70726f6a7942593972514c6b57626265625471463048597059577542646151544845656e55446c506b56796453735775735135325735414e7035794e414366514c706578476e384f424a6153362f4f4a42414a6a7733576b4530374e2f544c356d6e5377444f4a7763385a6943546367524e773069784950335a555671723277326b77766b675a69345245336d534853424f3279754263787643584673793651644c61573474464b6d35746d6a4b58416875566f4c41507a614230794f736331746b6439452b36594a63384e476b77433762654a76723846476f786f4759514245695941675249346943644f583156723645334548585278446d7a2f533644634431356f57686a595930783363456c37713074426b754773355845774c68322f6b6e59424752685a6e48427769533333514e515465492f564b725365494a747a68304e2f75693975696e537168774a59576b365a6d4f6b47384545683346456236536d725533737979576b7568734f6335704c7236474474755572414759636b4e6143415a694a63336f565948744d4232554f4e326d57356934584544576644716e7844584e4c57393243584747772b54766537576a51544d6e6656514f426536446b475a7068703779707779446d69476b586763706e5a41614b635338534c5076624d306c727873544a496b644c36465773594157675147743263324947305a514769352b48696b2b69515963305a70316336354731697a547030313256474d776a78417a74457a6c34684a414677304144537867546f69324649757150346549433047332f49534130774c6a63486d6b4b674767637775456e687a4e304557476f763030366f5843345a3747746c72797831775a71504d3633447065422f3141313252645444574946544b53446c4d756b39654f52506e4b5459364b6d56475044387a326c6f6e4944624d47675a6a446749346952476b5164307354586131686348357375575130687a6f635130577a4365586d71714e42376741312b61304f6531674c58474c6767456a5762664250694a796a7661566d4e42615330505a77776241484d32434f51416a5646685155613769584546316a6c3569344d547767694a353251654972686d554f634d6b686b467039353077316f7663387439315a527174757a76536253484e7a434a4967416767414377455450506e487448434d7241746655666c4a424161366e64777544416144313132537659364a392f4667774566387749364541784b53647049454f593978764a734e53546f4a487938416b70794869655655774961415249695442336e574c362f5251714e622b5a77673538755532304f5870424d447a3649426d4931613663786461317a4242755a304b647a53596343594a494464675769392f44354c70554b657a786c45302b7a4b304f41357561324f70446870754c2f414f56575875796b774359445948695144626c72666d673657494c526d462b4c68746633594878545563515775644f6f754e494a6e7869384a5965516f314b56574a4a4968674c526f53535a4a486c4676454a6d56792b7078517874773176306447354d5767626e7870773444733042774247636943344e67534a694d3233773169394e624b43357a755a754c615144742f5543665071685256734b4471474d4164595246334e63624754634578706637736b63614750657958414e6165563441695047626f436a6c4c51477a6d497963526d5477757448676258385659635952457a6657594e737847556e55442f394a594c616f416d766a6f454e457a78486c424a44576451515771786d4b634a4469446678466d38747a2b76525a754e66446d6c674467477445436665767150416646524e556b52726336364335452f33523855317871676f4c465173676a4d63776c326f49624f55416a7874356e6f723231486c7a57455861476741674753304e4a6c756875482b737146536f4f4a7839387345636a6f346132306a573068433038575847666479747a5475434a496a6664746b4e5775674e477055617837494d687267594149466e4f426263433061644655636449626d4a6b76754e4948756d49366a34717238546d64424d4e4c5941314142693862616b576a554b687341356a456741504a7642676d337266384134704b43725947745472356d7565484751485a747073645238523156447365345a63707a427a693644716241432f3841645a5659502f34334577585a6758545941336b65686e7938454d48754c524244737063374e6f4141415248513665696c5156685274596674466b4f6e3337416b53417752454e6d53526f756e374b37665a537734614d37366d63354b62424c6e573844614c7a344c7a796a4e6e7575485153656568416a314b376a324f7731617253443250597a4b39774c6e4d4433454f6775424a4e6762572b55496c42523264487031382f38416831394237335579366f57416b475767634c65594c794f4c54555171443261484163444151654232556b6a61535338635679723230737061316a512f774a45514a674177324c52714e6c4f72683341584a427a535863524e353933696959504969797a7961505270464e46784d676c375863514d74687a73704e79524d7a456736644c714c6353437834444850494755744941443938732b36544669633058303251474e787a574f50664e4a6130324c7378673679357244422f74456331504264704d71736c74544b433467456875545753533241496a637a716a6659714c5734796a5161316f475762426a577777544d676753476e39306133464e654a61326c636367534a762b552b4736796d3476446b742f6c5a785563513033687a6d45676b4e6437756849676d51624a7a536163515873653651334a6c44426c46354a4d787836445839553277717a52617834664c585079366b586553436441586d4774746f4172735339786549594d7075352b554238694c627a6164725231564742716135773046734f59347a4d33766c3930482f736466576f766548796167664d35577542707469316734486949766544356272494d5557303853366b485a61634e75544d41572f4e6d69664e326c6c6468716d647a585a77344136506143513837687a53426d673872333051596139684c7372786c4a4d5765434d752f455841547947795a324d4a633132522b3046707033424e3269444f5835536a4a6869614f49726b757946724c693835776373784c533573546362376f4776696d4d4c47456775653478336a5776414c6443534853434f617470756139306c6c5273693347527a337a52663946477658717564774d686f393845773978455a5979324d36544b4d6b43694e52777861483554545a4d3361546c7a617a335a664131304275682f774f646d66756d75734c6a4f77786153414d3261664b795a754a6330486737306b6b676c314d35434c686f6d4e4f732b4b74776d49666b454f71416e582f414f4a34473045354c37515a4a366f792b78346c654d773958756e5a4b5a61396a503559655255593630686f467a4149477773674b754d7075475556475579426d4d4d46504b5a7677764242424e6a34374c56726470766c7241586b7531696d317830307a5a6d7441736452303343616a68484e63397a5a664a466e67414e496959666d4c6744796777646b576732436678436c2f7744595055756a704971516e524759564f4a744b692b35446a50356d6b74634e4e694953553648545046692f7648744d41634f55656b412b6f56644b70446a427a5278636861322f4d6c4a4a6569306a787864396c63344157614931394e7569676170615131756f677a7a337635796b6b684a444e4444316a5979594838776964476b51524f38365234464445744173357a69346e4e497978654c5849316d2f564a4a53753253583466454d61476b744f6c674475667a456b654f676e77556137654b2b706d323032644e75594d78354a4a4a53564d4175734733644a4d454f624d7847574e4e6943572b705459617534784c5777524a3953342f7234704a4c50774a39465432356e61327a4141415264326e6b49303845716441466d706b75504b4c784d377841435a4a46364755564b5a44412b52426d30637664426a5541424f7838557964535841333533412b5a5353576e61333968344c4d495157774e356447786874376549352f4e454e7841796c7257414e79754c3779546c61424f67692f4c564a4a4b535667777244757a4e446742776e4b515144776e3743374c324b717637764e6b48646d6334487648514e4f63766b5142734e306b6c692f4a763662387a61375378724b4e7939375a45444d584f626565546e456569725a3278545a545a6e715a6a6c6b42725879345744534a41414d382f676b6b73385565676d793345396d436f78725868786d5444716741644f70666c595a384c36496574374e3038766469712f494944365a635332426f30484c4d62524d574353536c4e6c55434474476e5171427233476f5851326e726d426d7741796741514263756c644d7a43734472756335317a636b3643544d324f6f5353524e4c516c354b48346d6d31727547444d5162357444743953674d5232324d70443662637332423169303877443939556b6c4b374b6651426773657877634b4e51744263585a4b3758315147324a445331375948516b2f5256592f4647673455685362554c2b4e784c693167626d7644544a35774e6f477571644a584862597641565178686335385061796e624b47737a50615a4c54446e444c742f542b3637566656597a2b5554554d584c736f6349333262364161706b6c486b6667352f4464744f5a6834714d3165654f7a6e6c307a6d63346b6c30784536774e4673396e6531464b597a50427543484175677a466e47536b6b747052577955336f6a2f4142756d4b7a3878675a646d414f3565383173786352426b583152474678305538314a7a7176466356484670457962754134674e4e4f5771644a5a5353585270354338506a77524d7339486267482b6e716b6b6b6f4b502f32513d3d2220616c743d22222077696474683d2232373622206865696768743d22313833223e3c2f6469763e0d0a3c2f6469763e0d0a3c2f6469763e, '¿Qué es el medio ambiente y porque debemos preocuparnos por el?', '2022-11-07 05:36:24', '2022-10-12 02:09:43', NULL);
INSERT INTO `informes` (`id`, `usuario_id`, `titulo`, `contenido`, `encabezado`, `fecha_modificacion`, `fecha_alta`, `fecha_baja`) VALUES
(75, 54, 'Los glaciares argentinos', 0x3c756c20636c6173733d2269385a373765223e0d0a3c6c6920636c6173733d22547254305865223e456c266e6273703b3c7374726f6e673e676c61636961723c2f7374726f6e673e266e6273703b50657269746f204d6f72656e6f2e3c2f6c693e0d0a3c6c6920636c6173733d22547254305865223e506172717565204e6163696f6e616c204c6f73266e6273703b3c7374726f6e673e476c616369617265733c2f7374726f6e673e2e3c2f6c693e0d0a3c6c6920636c6173733d22547254305865223e456c266e6273703b3c7374726f6e673e676c61636961723c2f7374726f6e673e266e6273703b557073616c612e3c2f6c693e0d0a3c6c6920636c6173733d22547254305865223e456c266e6273703b3c7374726f6e673e676c61636961723c2f7374726f6e673e266e6273703b53706567617a7a696e692e3c2f6c693e0d0a3c6c6920636c6173733d22547254305865223e456c266e6273703b3c7374726f6e673e676c61636961723c2f7374726f6e673e266e6273703b546f72726563696c6c61732c20656e20656c20506172717565204e6163696f6e616c204c6f7320416c65726365732e3c2f6c693e0d0a3c2f756c3e0d0a3c703e3c696d67207372633d22646174613a696d6167652f6a7065673b6261736536342c2f396a2f34414151536b5a4a5267414241514141415141424141442f3277434541416f47434255564578635446524d594678635a47686f6347686b61477941664942776748787763487945684979456a4879736a4953456f485345664a6a556c4b4377754d6a497947794533504463784f7973784d6934424377734c44773450484245524779346f495345784d5445784d5445784d5445784d5445784d5445784d5445784d5445784d5445784d5445784d5445784d5445784d5445784d5445784d5445784d5445784d5445784f2f2f4141424549414c634245774d4249674143455145444551482f784141624141414341774542415141414141414141414141414141454251414442674942422f2f4541454d5141414942416751454241514541775946417755424141454345514d68414151534d51564255574554496e4742426a4b526f52516a5172465377664254596e4c523466454846554f436b69517a597a52556f724c6946762f4541426b4241414d4241514541414141414141414141414141414145434177414542662f45414363524141494341674d41415151434177454141414141414141424168455349514d7851524d4555574678496c49554d6f46432f396f4144414d4241414952417845415077445561652b4a66416668754c53666359376d6f4c36625976524b2f774142594f505276674e6337314278656d5a423634314d316842555935464963386347746942786755473053706c4678552f446a79763659743862466f72644467717a61466a384e4d336b657541612b544537593069317a31785856525475495055595a54614134706d594f57504b63554f4f754e512b5542322b2b41713343434a6b416a6c696b5a72306e4c6a66686e616a486c696c616e61634e71764457397355507731756e3378565369536c47514872423565324f64574c3279544448615a5537623461304c54424e654b3259345a4e6b4f55776357304f466d7859324f33652b426e4647776b78646c36726b68464446695956567553657777665738536d495a58516d524c4c462f635878714f43384e536c356c53474f784e7941652f38416c6775726c697a6871676e54386775514f3547785072746945755a5870614c78346d6c746d66792f434d78345171797477434b636b4e42366e6165323859437a48464b71456f55456a6f522f567361726975554e525368736b676b7a6378684950686c32506c4b42647753622f534d434534762f4147444f45763841794b447861716438634775787553546a5274384a6e54616f6865646f49456575382b32416549384c7155453175696c655a557a703965324b4c6b6739496d345458596d717577754462486e34756f52453449584d4964312b2b4f47714a75423938552f345466374b45642b7544386c6d4747386e6b5a32774b4d794f2f77427345356669455774394d4c4a4f7567786b6c364d677574655237546643617653494a48337766557a556746643841313832784e384c474c486c4a66633470556963644a514f5055726a30787a5672476350544674486e34516d3859707a47564b3873585571356d2b325063786d6766306e363433387246654e4148686e6f63544271316a2f41454d544432786356397a6270666c676845485446536a74474c365978357a505252565779594f777746576f4665517735474f5770546a4b526d684548586d703973637656702f3270552f336c4f4c337972655034632b574e55382f544237634f556a612f6644747045306d4c4b4c632f46516a72693153503431506f5267506931453039304f69784a45524f324662566b503666746973595a4b30546c7959765a6f6f4838574f4772782b736654476546556478376e454759364d32472b46692f4d6838633465674f4f6b7a2f593453444e3972393846634f7a644c5744554245586b626654416c783067726b7630306c444b6131425a514a355269724e6347706a3654673668564c32547059347a58464f497343314931435961643739496b6373526847546449724b55596f6c62496f646a66457936696e6543573574485074327775475a41334a2b754757573468532b5568324d63722b317259744b4d6b69536e47796a77566379616b795a754c7a6772385567595435744e70356532445077696c4e5442516568496b543137343679334271546f49417665387a69626b76536d4c38504d70785a575943434a35344d7235754e384276773751522b5568673262566670664274504b706f30736f372f373453575067306376524e78486a59506c5565382f7977466c654e7634674c6b684f672f6e686e78616a51674455696b376b63743849754a303653742b57326f633763385868474c5655526e4b53643261326a7842534a4457376e4566694e496a54554b6c57336d3478685950706a777262472f783133595038683130463865464a366e354b77735867526643305563457053592f4b7049356b413438495a624751653478654f6c535a43573362514f614278786f7755784a35343430596578476b55674848572b4c516e58446a4a63444c674d54436e39734a4b6359396a78684b585169304848756734303254795068456c3358776c426b6d4150636e70686678763473794f6b68454f5963445a4270583131482b574a506e53656b555842613278524278367139734a737a782b6f7842576c537069506c58553533735a4d58787a533432366b6c744c36685a5774704935434f52485870672f4b767344345a66636361635441502f4e6b4e2f45416d38616476726959337a522f4a76676b582f432f7873394652527a496572534168484248694a484b54383678317549353432702b4a7373563130366f72417a43307865776b3674566841372b6d506969317a73622b392f726a764c31475674644e6d56775151564a4242742f5870766a6b704d37585a396b722f45394d494b6f616d314d78634674537a2f454e4a6a31754d644e784f7342725554545a5a426b47783567676b7833675955664250784d6d5958774b776f4373446256545666474276627936533837676237786a55686b41646c79394d76706279365651334730734941367949746771535867736f33365a386353716962776570462f7667696878796f42424f727268426b5069616f576b354f6d70517751726d6f493577732b4754335157364559315841755035544e5642526167456367614e617146633831557154444466535463626245436a354966314a726a6e327043374e635364315a43424448706741552b787874733177656744386f48594845586846482b7a4830773065654d656b4c4c686c4c746d4c576d4f75494b5862477162682b566c67437246573073717664545936596e63416778304e73485573705241483561442f454932352b62445036684c77432b6e62394d646c736d37624b534364794c444250464d6e547036516a475464704e75334c4774715a545641764135416d493975574976444b6379314d453758453454353932787667316f7a48443834394e43714d7178655476666c337772713079784c63795a4a366e47337a484271522f53414f31763278554f43306a62796e2f414c705037344d65614b64676c777965724d614d764f334c664632563458556553696d414e39686a615a6268364c73712f542b6a676730375239734358314c385156394f7654475569394e6c4c6f474369306676493350726868573438734165473039647658442b59785258727879395445774d54664970646f7038626a307a4e5a726a4e5456494256663067677839786632785258346e55635153534f786a397361544e6353476751517a732b676552694c6733306b5479413653634b567a4649696378535264676169495549626235524f6f453831327649735970476366596b35516c347851586b4152373475345a6c31596c716a4245586d5975656e653349594e347277354b5275616d677154346b44524146355051413737587837772f69314e454c4f677149685a39594d7167303367695152414572314d6932486c4e592f784a7867372f6b4e6378774f6979715144596271514e553835357a6a6a6866436c706c6d5541735a41443374394c5978712f47624a5570364b5068304e544671594f6f3657676a544b7234656d5a30587578764559316c503470796770696f32597071763935744c67386761667a6739744a7842357046316733304d6a6c342b56517657422b32504b7555527751564a6e7266627232786a4f4e66384145444c7a2b526c716c59336c3672476d6f36514143352b6934783347506971745842526a346148656e534a415071574a5a76516d4f32416c4a6862696a653856347077796b5454616f432f796b556c31366656766c6d65686e43444e38637953786f713147484f61554e3743592b2b4d4e4b3744365971714f4d57673348306c4b6e346a663554343670306777703558575357383152346b54356241456932346e48592f3468766f492f436f48354857536739515250744f506e6f714d4e72663133787939567570776a5673644f6b4f6550635a715a6870725647626f6f38716a3055572b74384b317141486d63437963657163446f4e3247484e486b414d567455482b654266453734725a385931685034722b70784d43362b2b5063437a57586c43505472664851546e496b4861623437576e7263716973515a49554173596964687636786a5466412f776f4d313536682f4b4c6d6b537251364d594350484e64586c6a75634969706d366d5931434755482b752b4e4c775034767a4e48514b6e35314b4370465141735667694e5233693238327835784834497a5373786f684d77717351664259466f6d784b376a59383978676234662b47737a6d53796f70554b5376356b6958416e5341627a48506247417468394a36656756615868724f34492b7737397356506d6b59457341494d5344735273626153444d58777262684f5a707579484c31517932594243523951494f43615877376e474e7372574a5039336636344b532b356e4a6d77344a38625a696e54304f467a462f4b31526972784d36537757477473546554424a787065482f41424c53724a4930303375577075626a6e6159427461335032786a2b412f424e6170522b595571345a5843755a4455585778675856677749353759366634487a7171577165445446704a71322f62726761734632616e6858456b714e357761626b4167487a4d5238306b6764373339384d733778326c6c314775724a6179714a5075514e686848776a674846714941584e3054542f733667616f6f42364741776a2f46486247716f355577504559616f766f734a37534a6a42644156694d385371314b71746c324c556f476f654870764e2f6d36636f675966484e71496b4862394b6b333664507563644e6c45504e783650696f354d432f6a3146397766355947673279366c6e564e684d6e726248645a59383072396839394e38422f6867662b7456596634526a6e3844534a33636b3953665872474e534e624c6132625a6271714e59324c456b6e63414652474c38766d306451594b6b2f70594545486e596a43656c77326b706c445542693531766549377876697a4e6f6167304d375261594a576663585074766a596d79484555324a554757695373332b6d2b4b71675a52434a4a5066384179352b754d3954344c53567856555641344d794b68332f6e6738755364376e66662b574e694449792f484d315565715849722b44454f7a303456644a6767426a73494a6d66355939796e786a5446507736686175344d5531564e4b6b456d4331567a706741692b6b522f65772f774139524656536a79796b4545457a50316e434a7668444b375256762f38414c7638412f6a6969636132493876424278446a7a765438437152565545614552683451673773564161704141674b5170755465495530654a564b59476d6f5530456b4d766c4b6e72744249355344596b633862437038465a66725574502f553757356463423533344556346a4d436d422b6e53576b395a4a39734f70524671526b654c6364657335714d7165495931564e4d466f356b62547a6e4370337671353432782f34666a2f414f36472f7744442f726a672f4150544d71662b332f584779514d5a656d4c5a79636341333559326e2f384167324f32594738664c2f72696c2f674b702f6267473969682f6b63624a47785a6a576646544e3078734b6e7744583556715a3657595943712f42576347314e57332b56684a396a67576a4f4c4d314f50533366446876686a4f67542b4471783167663534726634647a59456e4c56522f3239647565413267714c4657727669746d6e444275443567442f366571422f674f4232796a6753556341626b6f774139625777755163574348454178633642647a4237322f6648466a744831774d67346e45647869597330656e31784d6177346e32624e5638746b327255386d6955334b6874534b4e536d595a5354734638776764593559546342724d61314e334a4368745451496b4b51524937483734615a334c303632557056764b746375615263573153774d4e3168644c54306e71634e75485a646168644b704c666d4e44736d686757454b56366f644f783644466c696f365242354f57336f7976424d347755314b62615378714b3864324d2f766a5163477a627336537742704b776c684a594d66356464385a33384963726e4b6d5861516c5136304a45436563652f77432b474f5a71464a4b7a4a4545676374393847535432434c70666f322b583435545569693952554d53434e76366e475a2b4c754d4772555555716a61554242676b6566725939492b2b4d746d6e5955337130355a31495a653449414950596a42755854557a625356556b547435667636343378525777766b6b315270386e6d474643686d4b62512f34647376472f6d554677665656526a333159352b4673392b4b6f65466d705a57514855663073595979662b3445486c66416643315a4b64495159624d3036692b6844695232674d6b6478676a6772615047456151705231443241623544545059712b6a30414f4a754e4a686a4b32482f4448466e556a4c31476d484e4d486d437059665177443734665a6a4e307770507a4657554e6f676b5359766a4335724c314b4e51564b6d7a4d724b38794474462b70574c48707a775a77664e763431665264616c58556f2f69577862366679786e787032305a636a56525a71736a78436e55714e53535a54356d4e704d334874697a4f567767566870436c69475a7558747a4e6f7868754935734a6d616c4e48684b7452576c547570696238756541365656716d59536b574a555651424a356174562b5777787668443839646e3045356b4b61616b737871514e6f334a38337441482f6467544c3866706c54714a4d4f3150797164444e3569734e3149472f714d5a623477343838306b70454271624d7061596b7a704d6334324f43786e45475652535271577170437262797063452b704a4d38385a38576b33365a63796261586756782f696870562f434a614141366b386a35676656623342356a465846754d306c3849305272444b534a6336554e67466a654d4b7339784e32444d35426b655952794777394476373456766b2f4379364d5435316b764778766142323237346f754f4c373745664a4a6158526f387438514b45697071566873394f4a5057516259645a616b4b67306d6f794f796b717869347444577448496a4743704455706e5933474e6c77756d74544c4b535347702b4a4444645342716764694f57456e4249614532772f4e3547705456574d615541314d443569655a76612f54413334674d73714e54515959694661444e7a316a614d4c506944694c364d7656314854554270564676427541443959776f7a6c526c30414d51757368684e6a4b6e54397839384350473275777a356b7644557150792f4655476d7730726553705557506c3561586c626677347257717977537669416779514c5749677a793678693334547a5a4e49303667314243437050517772542f6831416b39384466442f414273466b5a6b565663454d42736a416c576a7235676671634c6a4c59326364583664467a41454b5731534352457a66626c4f2b504b4244416d5149455164703965586642615a2b6a57616f3543364254486e4e6a38317654747a774d6c4b6b4e636b3143724b4146594455477544336a6f4d44593178667077376745613142484d2b572f7742446a685857544b7765554471642f574f586248712f67334c46524447514b5a3574734c386a79375945487843445563666831436f75686c507a4668333552483377616241326b4655796875467635354857434a2f77322f384132784552547a42676b6151626d387366536576664277525048464570705771454b6d54494b6773774a366d52486f4d4256386c53465347716b466c31564c4341437a4b5744636f714174484f2f54474d5631414e49627a516555336b474366722b324f633070533876416e3167626b6e595970792b545a326b31615a55366c6c515357585378556865524a57343345486563415a34314b5652716455335a4e4d4b30717743377a37594b5736426171787455724f544b565470353333483963385556486351576578764a677177323236673448344d72484c306e416c71546b3166385049337737624a495a4f6b426b62703553434e517479333337594d6c51497a7356356d6d784f6c6c44655944566f5169547553496e614977476548497a4e726f553273544767515942326a702f6c692f694f5949634c5438724d7a4c49332b59446672303963645a764d452b4d73416d6e55306a75706b51592f7644666f65324e69624d5766674d722b71685442356a777067346d436c346d68756168424f344e34784d44483842792f4a5478764b676547365534577254313031432b5662414d3069326f373275464942746a5235664b6f325756376b6c564c4669526456415567374341514d5a47706e616d686165706771367a45674357585353756b434245694f552f5865634466546c6b61555857716d3538736d787354395236345a326b67556d324b73395453726c72366d4e4e5470685a4f6f44654e354e2f574d5a735643794c656243357449373432357a464f6a72577567512f6f4b4c387978484c79326e637879786a58433870496b7757414544327467786b546c44614b386a54704b724d2b714e74464d783331536257326950664276422b49303046536d315038736e554c4c7146704e3758694d4b36782b324b316b583041716f4f6f472b2b7836373954686d3947533262504b5a696d39476b57535670754e5375664d716b4d466347336c316c52634863344b6f56454c317169534e656c5556763753414e4d4d496d5149766a4f3852506848576c536164576b57436b79564467777439556147754265366a6e66444434613475562f4c71677546554574646f306b2b626e476b4742484959693737525a56307a51725151557a5271666d53784c617744493633333975753241614f524e485634644e53736b616c424a5139314d794a7662426e4558304d424a4b6d59625447392f6d41676e7067436e784743515351626b52444b51624351664d493663707771626f4c53752f5258784c4e30616a6f4b6c4b5756596c54704b6e6d4a32494a764d57774a6e736c6c6769356d6e5571686978464d46685977515a6a655249426e6e6737692f446c30697254553667535743676b47663143356a767977466b366d6e4c6c4738796b776e61444a505778743734736d536b76754c754e5a4b6b5844307042304364556e387944714e7a2b335332506367736f6455366954736243414646346d6566532b4c51736d392b5831332f414878546b464d52767031473935414d6679773254614a714b542f5a356d73764b6e54763335336d2f65324c4f496e58544e4945537a52364b54356a36782b2b49464c4f466778462f6130666566593963586547756b6b45574d6a6b526237594751324e675330796a6151504b5a4b33356251652b4e70384c7638412b6c63373658767a746166746a497168714651686c30476b696563416b523935787376686c64464139544c4d70324d69312f54373457637251304930364d33783669546c6e6f334251737948654a415038675267544d4c71585351513270444248384c427670626676682f784c4c6f774c30324f3846576a596654626d4d4c474442744a6e6c796978496e3741344d5a61466c414b34466d4e497170496836626753525a744d6a2f414d675065426854773036416d7134563476596d576b6e744c4844526155557977483674424d79474142494d636f4f78484a734c50447565674a5076716d4f6d47692b785a5265724f304f69686d31484a6f55446f74516b66614269752f6c3376637a312f6c6978684356663779524857544e2f663973536e516742694c5259375436587757774a416e446e4f73504a46795a50582f6644536e6c646452477147315279704a4e3450796d333039734c3667504f776e6132486d5171477156556a2f71724a4132454d53516564384354444665464f667a524766496b6e773370674472476d535058446a347279704b4b5658577a4d364c4441544c43736f76412f517775656666465762794b6e4d2f69424a313070496a39536b4954394439634763597067304a686a345244674b626e51706b4339355573507069626c303134555565302f525238463553494f6c6b597472494967686c713146595279386f5552303963436646744c2f314654625a5075754e586c36554e716741735335494a6736674f754533784e6b357a437342754544646f6d434d465375567344685561527a77764a6b5564483658525a76617a535977317a4c775364424d306e4a493536646836782b324f716177734162443378326c61495937675737577669636e627370474e4b6a4c5a587736755970564b6379474652776266305a4174696a6a2b58656b3965716868484b4f72446b78636e5436677a36676a42697054705a6b6f6f4d4f756f6a6f42636b657050305842484545576f4b744e6c4d4656306d62795378422b753450515965396959326d596a504d5135303079564d4d4c636d4161506159397354476a79644f55547975504b4c4855434c626263747035784f4a6838686353326e6c6372555552537435494b4d77735265417859544a734c58455959726e56705a634c4570545751476a564d58566873702f712b4570346e545257716f71696e56436b6842737a4a614273434242493963416359343371555579367370506d6b58306741674538344f786a6b4d5430796d7771706e7a555a6d3145617035387551394d434e5641735450702f746854567a464d52427646684d3937526334477063515568744d7a6672412b754779534e697831557a436a3178645372303270475659564e5175506c306753515166396359357549754445795a375878376c754d31454d734a467759462b67497648504179526b6d6653426c3656536854412f4c6455476f6b794a677353774e786362394a39357767736d59764155715a6953756867476a304f6f66555951634c7a72787244654b72714664576949424955646258694f654e506b4d7054714b306555676c41513564574567387556734a6b506a5a7346306c564445465371675446397837326a43414e53646e5a616d686a3559655938707437576e6552506242644b725351436e717367433335522f7266475634686c616c456b422f4b774d5873643765754e465761556b683358714c415a61694d4c36474a494b7a76444344612b3834533161476b47534c62515a6b486e334866414b4f626a375363537055594c38787344486274686b6d5462544c77687357493736656631785148436b6e7047334f5354395a785935592f7150724137647343356c795a6c3932734c41623277795972513179714c6f385354443031494d416274454475442b78776f7a79743437556d516f314e724f7042444267444949754f2b4c7543716a4d4b4a412b57306d597549496e626e68766d6167556e5675424548596741416b487262624535447761725942385056364e4b73327146656f774345493545734c686d494e68397362436e56576d53447350496f47354f6e6276597a4f4d785543796a7864577073434f576f6c6267396361664f705459513557526347594e78456a43706a3067664d30565530764d536f4d46686254314a46344d2b3059757a32564c7042304d4e4a4959394f5863486e624131536e534c584c4e65576b37574173656649347379325441494773736a486b624b464231656c6a7468676146764636444b576f3077304b383767574d41676e6d447544333559554768556c512f6b4a677757506c6a722f7030772b5172564d79504c4d6754632b5750594c623378786d775378557271496a53514f3474334557773857536c455643673551435153794672547463577666423143687251704d4d42354a4e69656d4b7336644c61525471414c59516a486e3236373474793471584f6d724f316b2b6d2f50426273435643334d355a314d4d42504c6e37794c59613842514c726b435a556779524e694350353443704a6d706b556e4a4777634b435164346b332f6c686e77746170707a55793551724f67366c7544767a36546a4f57757778572b68335255496f69594552376d492b2b43487973715642484f50656476727a774337456d41565562676b326b6933306138647345444d454c42416d4463456b6266627269566c3057716d6b425353534648726a6e4d30677a4b334c592b7658416f7a556b6964544b6f4f78414e396a626674696d7278466842384a6d574e78652f534f55446d634547686c5459664b6538656b576e766a776f736335692f54432b6a6d677936314d7a2b6d59613362416963546664364e55702f46703248382f58477859636b446364566b716973744b5a706c4353547449496d317639634c612f47366b6c686f39316e2b59776278624c4770544c3033714f42456f5a69656f6b41347a3479374f59557071483664516e306a7267704d6a4e303941745a334a6b4d56454341757142414174664577522f774174712f32546651596d44596d785877546a3579365052624b6d714561566b45617a634752794d4d52505332504734433736664353746d52704c4f56434a476f7a704774745668414a4f486450676c635554564757436d4177444f51784855724a615053443278376c65455a6f7446526156454d5738364d386d6268537049574f38327847326466344557517070536336614c6f776c476d436264353342746758693258425633704f797352656e70486d5058746a5476384e3174514c4e53754e31666c792f546339663534716f384371454d586f745550384138565a4e75646d53634d354d4369664f2f77414c6d535a304b4446354f35375833783075547a4155474178473678734f563578394950773371574b644a745a4b6853315262534e6e414557367a374846372f43424e30716842494556514153514a4e6842416b4741526862437a47384d713178536a384f35536e597659693977446666563077362b48654c3145576f686f4d7573433869774d71646a7541546642394c674666542f414e5053544a4f76796944456d30622f414c596363493441454a385155366849454b47494b334d5832494d584a32787259456866784e774e6668745670437052625344445874424236534e3855614b74564653746d496b43416c475471376b742f4c4767666861465630324942456b6b3977414f515062464c384775495979494a6c5a74326a47326168646b2f6730465671484e56704a4d68516f424855534a4870676d74384a6f5956637a5647386874504c767077787933446c5269795055324e7074767632776377356b4777506d506363357468736d444243436c38486842417a5759673267364343596d31757637594771634370683774577634714175562b59495756704149436b694a50504770714d504b4a3541534a3361777465427553663247494665544b57676c726c57454463446e636a6b64786a5a4d324b45664338676d5a704e54715571755871355a2f445573494e536e6653413051367a4e787437344f7933414b624154577139777a58462f774276546c686a6e56304545744a7351415959434931515447382f58327835514a4c68594270717636624e3658735a395a33786b32616b44316541554b6b41757a4b51494264763037475266486f346252486c304d59734157592f57634656585257637945304547356942796e6d66706a71353068534a61344e797037794c666647446f7058683949534254485958332b7530593764307071534e4b41584e724359424a39736563527a53556c554f53476332432b6154374363657057616f4346555578416b75724872494b6d41776747344e6952766a4730537135514757574164516351504b655236676d2b4c4f483677476970724247705a30387a4941493764656d4136645167366f70796867425a49494f6a5964546352326e6e684a78766954305a536f706458557755306a62612b6d5a573175654447324c4c527258724d792b587a77423875787642456a6e674c4e5a696f6a6176435a7749326736514e7a764f456d5134723465576f316b48682b4a49387050552f4d44496b644d4e6368785a586651613541693564514c2b6f74474469775a49397a4651734e59575661776c446564706e5938735a2f6965625a484b4d31565373676f7944544a32673950664776434f7748694c3771774949354842464557677372446f2b3437656d4230467862364d5a6c7333534948695072303653684b5151514c62474c483973584e787277786f475772564a45796c2b527541657876366a476a725a4b6d305870795a6c536f4d373757372f624664624c3146414557694c584167434a4d69322b335159316f79556b5a666833786834315a4b435a616f566b7178636b4d6845535742466c452b7473506379676e78465237417a6f636b32364132496e3759727a66425771736136314b744e79414a704f437244613673703965754261475771716f7043734b6f554863614b677442495533503759794377544e3846516b7654657150456732424767626c5a585948446a68625a696c544b73687141474141344a496a6c4d665443327678466b47716e53494241676772714a466973457944626e68682f7a4a42524e556c74704f70644a574e2b78775732774a4a4d55635a713069596170587970496b71464a51333662543648476372384c5a5158475970564546764c4959325049375366706a6356383354436f39522f7933456f58553657376253434f6e532b4f6c344e527337554b524a41494942306b54614c776639735a5461424b4e6e7a32746d61366e545471766f41455849354366764f4a6a364532566f6632464c2f772f774435784d484e692f475756716c505472586d4141494244793057565357414c4743783659386269434c547156616d744b644e537a3145554e42487a43424a494562324e7473664e654f66464c6d6c707130775347585455686c597741317968675735714e77443378726547734d356b69374e552f4e314d414b7467792b5968524f737141626b4754665933784b374c315777664c2f474e46363755376546424b3153594472316b71437439774a3233786f3651593657384f554942314a473054596e6366534d6644754973394e764f5130324156316146452f7773534265774a4e75754e68384f635a712f6861614b4670716b684e496d423131456d2f714e384c46376f4d7449334e5376527045365079693036693154535749466a634455597742582b49337051425470504f727a61305a75572f6873514c386a764f4d6d7876637753647a7a4a2f633838465573717a6b2b454771496f6c6e4b364176724c4742334a3973556f6c6e5a74754735684b304c5476554d4d7856435173334961644e755554734c47784f43737854304e426777675536506c46344a67416c444a45334d414866474d2b484d78545575315878456930307a4f7457556a544959615347477256424e7845615a4c444c385270676f78657655594e5a61724d555659676b4b6c745533467a39384162493046536d615a67754a4547384c716e6d475a5147493632394d657144454e755a676f346965596e545a765778786d654d3866656d434d736170704d7250715a526d414e4d796f706c6755306b53537a45722f435a7456776e34755661622b4948424a6d58527166694c7a694a45633774504b4e73423643746d75576d5a306f306b5749676b69655a4d6d44397365564b775668715a5651454b7a46746962626853735274337769346238555a536f534b525253624d79694936486d422f77434a394d655a72346c594e3462424b314d6d4442434272382f4541466a65437042766a41592f2f42746f3155793875666d4255414c763564615352473350457964484d7134443155714a4a2b645272424d32446f66596b6754654d49716e48366173705945557a54446976514b75796959594f67426a7a514e4b4270687a614d463576346a706c394b56616c4f4c617772615245456557374d5362527459795977557a4e462f46614c505853756d68324346454375416f2b59454e71587a45476279437035595955733156446a38765553414876594e467953456d2f4c6c62476266346b70674d42514e54554744654d77496144436c6c456870456b6a7937675869634135506a31524b7871736f49494377685951415a4147706d476b583874674a5073554b326b624a38754471386752684f70336c70364545664e48517869764a686b6f6853504e44456d5345494a32387533704742754438645372736a686c492b5a43774856695649516535397348314d6f5271416767695143623339445948317867716e74475a79655a726f6f576e6c2f44706b4d536f55737354647061534e7763475a446934714f455664524d5470596a5341647879676a74676e69664279555970547272555961667971744a4236584f6d44365947792f44387972306a71475753645255436d535930674978464e5178494e6943626b6e46464b4e5530536b7033706a32766c5043314f47565659727145365a4d7871494d72496b4479784d58374a2b4d354f72565067734a45423664554256436a7235696239514f51426d446233692b564e566c31356971675936744f716e6f4269495536444d3376314a6e736156656e53464d4d355742704a766347514c46534461434e6f4a354843615373613233564756346656716668366c43726d7376566c39564f72724c7973694e61414167514c4257473578632f446c5a4a707442476d64576f306d366c49444f514e7a4d783277787a334136565a313155685471415150445a715a556b2b625341664b44755a42365970507768544256767875596d6c4a46304a51376d436157783532487667715642787677487964544f35647679716256454d2f4941344d63694e5771656b446244422f69514d4234755771302b70415958362b5a5241776e346a384f5a6c70715538323155324a70757142544f2b6c3149416b63346965574a537131525552367558724b61616856656a564c70704149686742476f4b53504d736a666642744d33526f4f4738536f7353454e54784842476a544a41413255715950735a39386538657a666772536f55387a54707549597255713648644e70476f6d524a324d62474e7349662b625632704d314c4c5538356f657a4933684f69465352724138786151664d7049626d4a474633464d7a346c526e384c776d63717a4b5a4a6b4b466c6d494259794e7a30775051536c534e42786a3468304f77707353564b77314e517177543570313259685a69427631776d7a6e4542584e4f7056314b34557157414454424f6b6753496e5969656d4635767947504d45693553597879504741696c486f7055513958635436676b672f6243486a2f45675271434a535253504a544167394154756655347572554133593457385534657870737342756b597779646f6366436678436d7677637732756d774d61784f6c3538703644704d576d2b4e5258704c53434b39566375797967594657703146454651793268504d4a2b5741307a416b664871566277334264437758394d6c5365734e4267393866537079576579345a4555452f714b366644625445616842614276357959673744416c336f6669747259777a4e664d4b7841725556466f57706c797a71434a414a46533843336f4269597a65623458543174727035326d30335531646a32695242334563694d54474b557a3575744947526f6a2b7633474f3651306153727347556e53564a454874467764726a45664e727059414545477833424537647356436f546341366635343566354639467a557861415a426b6b79337648726a75706d4b72684b5a6361563255655750702f5046534e6271647358736b387468395070674b5451614347656f314a4139512b5269774a4a506f4152682f5234785359416e5574722b57655639747666475a41614c432f55482b6f4f4f626758586c42686f393762774d46546136466c434c374e6e776a5038416961694956677841484d7279614431422b324456664747796d614b6946476f6a394c6959505872626c664256506a575956514164524734596239696350486b385a4f584457347332744f6f514341534e514949423342336b642b6550646359773345654e5056384d6a3874303154463539442f4c476c7950455664464a5a57614271306d5937487668383165796234354a61474f7673426a7776676471793959396a694e686b302b69547958615a6271473843626a4870662b76362f71324239575047654e3847675a3258765567546632786f6541634c79745769725055714e554a6b7254426743506c6b4b52306b38694977713452777a78745a57714e4b5568554a455472492f3975447a6d525062476934566c4b394b6d713071726c486b78555741717a754a7466706a554748364848442b4335656d446f70755a7556656f7a416b66335a307a36344d624d614141554b6a6b7059542b3844414c5a6c7164514452556733447173724d62482f5846547548596161622b5a697274457167676d5344794a74413634426639444135736857634a35527a6d596d334c767a32774a547a5652775472587974495651326f7875534c414c6562544978786c5434614e545669566d59504b2f4b31787559783468316e79744a337330457866593333356473594252586f3141394a307170335631386b636a63534a7550556a44444e5a6b314558545474654c7a4a466a7430366d2f7069716e47704b5a496768326b7a7074754246686379426237596c484b6d69644c736a6f32776a547161306b674835684557365977656a4f5a374a4e517a4335684378556b6c68554c4f64764e4a3571656e4b324e526c654a5571792f6c5641786934466976736233394d446351506c41464e6c764c5233357836344772306b436779724e42414f6d43666665443132786739412f4658564b6c5261594d4c54314b42704a566a764445536266706b34733447444f7031543877662b3454634d6f6e6b494832785a6c4d7566453130324a4a57364e4247316f6e703178364d6d746457756f414c53704548554c583078484c6642517462434b57586a5347704d377a4c3142705571574667424e35376e6e337856784c4a70346e6856507a426f507a61664b476b3367416f776a357067786a326c7738306e6d6d2b68436b48784472554e42676737784d646473445a6d6f77594f6c493147645234724d536f76756f675354714a396d4741487462452b62796d565371744a3637307932784d4d4737435938307849364466446a4a3841464e436a7053722b596b4750445944704d692f75636356386a53616b2b58576741524f6c576a544d6732626c666d76384f5065474e567078527141794241594e7135534a7476626c68684b566954346a34574b425571546f65664b30457152796b5749373453316167473541787571325957716e68314b4e526b4d417346325038513648435963456f6d6c557557494c413667445948634177516345567774364d566d383354526c6342575a574257514341515a424d324e2b57324e2f77414e79744771477270524e4a336750345930717843524a5153475757496d4a47716473594c4d5a47696171544a7036317673596b626737547a37546a63553679466e38346653645a4e4d615863494343554b376b5144704e6a4d63384c49626a6a54595454792b646f675571506d707238704759306233493061504c424a4564735444423668667a6a53517742426b695a453741596d464c4877436f69454169464d416c516636692f4c46456764642b747356615969594e37663559376f695473415276323973536f6f586f44764850384171324c7968496d514a356376662f4c464b56527173626b2f306364674739354a396a33746857686974555974437a48586242744a516f306b79534f5637394d634b64496c644a6d326f735937675476337856545455306167703667475074674d77526f4b74494962614f585076797864515578706b73726769542b6d38536568427669717653506c303146636a5977516439752f7069394b6a41616a50694b664d544548793752472b3533754363494546725a54532b6b6a512f5436337431363973564e525a5a49454562336a664274544d53495a5441456b5242556951493537486248644b6f4375734e4a3074715742467566754d46583659397976466171515177596241482b7438484a7839724170767a6e623142776d2f444c4a4142504d69496a754f6359357230436b73756f6a747939544f4d76776133577a55552b4961695342355a3544563632467a6648625a7451415a6b572b5734453748474f7975666458426e75425072742f58504475687868445362796b31494942494548796b58485743623872647355553552374a793434533751327932657077644c6742316a6d4a48396338614849664646616e544365566b4141766577786b7547353378764c55704b6a47416f686757477837416a656565447153436d797373492f7a4c7351524a467873656874696935667569622b6d2f717a364e7758696c536f766a4e53656b6c764d7042424235366561395976686d5638565a566a54556e555a6b534f6f7662487a326a3851315170537054577279684345505738627232746870542b497978706a38545570566c4d6d6e55525251492f6844656e65634e6e466766484b4b3261584c356f695272315572777a51543645664d422f6c6a786a433636675669444e4f6f6e384d324958764d597a2b592b4d63737a426e585138775851466c4f346d414e522b754b3650785a6c4c45314366504b36715472345942695351576b4554627667326a59746f31416f545a6a5a7956303879576950397344385234625161716a494e4e51715242714552707344706d41622b38597a6e456669326b4b7769754b744b47456f436853396f314c637a467a797468686c754b554f496136586e52787064484e344b376d56376531384655784a4f5338504734665670315870706d57566743326b2b63454d42597a735a754f5176685a6b4f4f5656576f315369745246735731714742586d41544d54686c784636744f725444654945714c345a7179443552314948557a6362594e4f5570556c715055556f436f52332f4c49714137454871547945594971636d4b4d6a3851306855486a30616c4a57456f774a6965333851507268686d4d306c5676794b69314e506d334f6f446d534f5a4865625944794a79755949793431566479744f71756c427035796f2b614e6f39386356386a5270315454464673746f4d69554c495448366171416d2b38574e734368314b78676c5a716975794253466773776361575a622b582b4174494637484864544d556c4b673147704d70756a53792b6348662f4142445542364443726956436d67446f616b56645069414c7044624577727948476f416b514f55337778796d565773567155717a684e4549746d706d43705956464d734259326e6e6262424d3275695a2f50306b5653455a55525652494943323667334e6d3154304f4f71727171547138545747384d7977436e2b48554f654b4f49384b616b394c52724a4a5748674573564d696d376449487a676a5953446a6e4f304b6a4977706871546c334c557151545465574c4670382f6369343659786d77764c356d6f6c454f516649736b744245645352754f682b754d7838525a756f374459714e69706d53524d7a7a474765535261616f567a4e52434a42764b32337470493335546771726e35486b72306a667a7a545835655a494545523132766769706e7a585035353662426f764443346b43515239593277392f34665a74716c5567425472594451434234656c5351386377666c4d58734d482f452b55793367417171307935466b494b4e506333332f68323634784655666871717653714d4756704567724563775a754d6274432f36732b687434512b6572576f747561616d41704e375144767637346d452b552b4e7649766956585634476f41446672747a3339385443305038692b783836655150715a36547a376e484b6769306a76622b666645784d63374f6b745a4930336b6a56317430393857616f4259664e734230484e703639752b4a695957776c5542724432734c66353436536c706d4a626c764139447a50375939784d45424772695435514a6736564141743036597671744a4f3937584d333565336248754a6744486a4d5a6d626b674876366e4865586744316c6859456d44634138766645784d4c3459765775767a564a4e79564d6b73424551625166584847564b775961473574426d4e2b6b63346a37346d4a6757464874584b303358556859627a59433038747a7667427144714e6178416b794c48616636394d544577364d3069314b794d64494c514e7766306d6630397077312f48737965453748544669767a4145625330774f7351635445776b7450526f6e65577a7948545459314645485356676d64354e78767a3532774e6e63397256666d5a5156487a474a456e5541306d2f535245596d4a682f416a624b555334476b6879514430416b62584579445062412f676e5662654e3976747439635445774132566146424a424f38455359356a327430746a30307a716b4747426b515350754e72346d4a6a656a506f615a666a65657067686333563078476c6d44723947422f6f59506f664756594c6f7135656a555572444553756f527a516c6b4a373278356959614d6d435848462b48667774385335656a5761725556783554345367446544496d38434f76544772666a70713156384f726f465346423850355a41596854716d534464696f496d335445784d5869323373343552555571426a71314664424770516746554937796f627a4c55423273666d676d544d3470346257616b703849714b6b6b6c5751414d53784d463176746344544132784d544655526c324d367678483554557130696151455659495a54744d41773170484c43576e6e637547313038797079354d716a55575a67594d71535143414f52426162534d544577414e757767306d6168726f614859797a4f563073564865774e75525548706862384f38547030395a71307930416d56536d30416332445153665133365938784d594c37515a5279586a4d3966493652545a5147527159524e5137423555383953673734385a4671497a3171644e32707249556738683870634561684a473652324d596d4a686652304b502b56354a764d785a436431464d4d42326e554a3959486f4d5445784d5670457a2f2f5a2220616c743d22222077696474683d2232373522206865696768743d22313833223e3c2f703e, '¿Cuáles son los glaciares argentinos?', '2022-11-07 05:36:34', '2022-10-12 02:13:51', NULL),
(76, 31, 'Medidas para el sostenimiento de reservas hidricas', 0x3c68313e3c7374726f6e673e547265732074697073207061726120656c206375696461646f2064656c20616775613a3c2f7374726f6e673e3c2f68313e0d0a3c703e2e20436f6e73756d69722070726f647563746f73207665676574616c65733a2041756e717565206475656c612c206c6f732070726f647563746f73206465206f726967656e20616e696d616c2067616e616465726f2c207375656c656e207365722070726f64756369646f7320636f6e206772616e6465732063616e7469646164657320646520616775612064756c63652c207369656e646f206361646120636162657a612064652067616e61646f20766163756e6f20706f7220656a656d706c6f2c20707565646520746f6d6172206d617320646520313030206c6974726f7320646520616775612064696172612c20617369207175652065737465207469706f2064652070726f64756363696f6e6573207375706f6e656e20756e61206772616e206578706c6f746163696f6e2064652072657365727661732068696472696361732e3c2f703e0d0a3c703e2e41727265676c6172206361266e74696c64653b65726961733a2065732063696572746f2071756520756e20706c6f6d65726f20707565646520736572206361726f2061206c6120686f726120646520636f6e7472617461726c6f2c207065726f206573612066756761206465206167756120706f7220756e612063616e696c6c6120656e20656c206261266e74696c64653b6f20706f64726961206573746172207065726469656e646f206369656e746f73206465206c6974726f73206465206167756120706f7220646961206c6f206375616c20636f6e747269627579652061206c61206573636173657a206465206573746520707265636961646f207265637572736f2c206164656d617320617267656e74696e6f2c2061206c6172676f20706c617a6f207465206861636520676173746172206d61732064696e65726f206375616e646f206c6c656761206c612066616374757261206465206c61206c757a203a302e3c2f703e0d0a3c703e2e48696769656e6520706572736f6e616c20726573706f6e7361626c653a204e4f2064656a617220656c20677269666f206162696572746f206375616e646f206e6f7320636570696c6c616d6f732028766f6c76656d6f7320616c206a617264696e2c207065726f206573206e656365736172696f20726563616c6361726c6f292c204e4f206573206e656365736172696f20746f6d617273652074616e746173206475636861732c20736920736f6e2065706f6361732063616c75726f73617320756e6120706f72206469612065737461206269656e2e3c2f703e0d0a3c703e3c656d3e3c7374726f6e673e454c206167756120657320766964613c2f7374726f6e673e3c2f656d3e3c2f703e0d0a3c703e3c656d3e3c7374726f6e673e3c696d67207372633d2268747470733a2f2f656e637279707465642d74626e302e677374617469632e636f6d2f696d616765733f713d74626e3a414e64394763516257414d644c2d774a454d394164784e515742384d644b664135555f3742785a6b766726616d703b757371703d4341552220616c743d22222077696474683d2232393222206865696768743d22313733223e3c2f7374726f6e673e3c2f656d3e3c2f703e, 'Existen diferentes metodos, acompañame a ver que podemos hacer para que el futuro sea mas prospero', NULL, '2022-10-19 01:17:49', NULL);
INSERT INTO `informes` (`id`, `usuario_id`, `titulo`, `contenido`, `encabezado`, `fecha_modificacion`, `fecha_alta`, `fecha_baja`) VALUES
(77, 31, 'Clima Variado', 0x3c68323e3c7374726f6e673e436c696d61732064656c20706c6174613c2f7374726f6e673e3c2f68323e0d0a3c703e3c7374726f6e673e3c696d67207372633d22646174613a696d6167652f6a7065673b6261736536342c2f396a2f34414151536b5a4a5267414241514141415141424141442f3277434541416f4843425556464263554642515847426361477834624778736247794162477830614768736447787364485273644943776b4843417048686f624a54596c4b5334774d7a517a47794935506a6b79505377794d7a41424377734c4541345148524953486a4970496941794d6a49794d6a49314d6a49794d6a49794d6a49794d6a49794d6a49794d6a49794d6a49794d6a49794d6a49794d6a49794d6a49794d6a49794d6a49794d6a49794d762f4141424549414d494241774d4249674143455145444551482f784141634141414341674d424151414141414141414141414141414542514d474141454342776a2f7841424545414143415149454177554741775547426745464141414241684541417751534954454651564547496d467867524d796b61477838454c423052516a55704c6846564e6963724c784279517a67734c536f6859584e454e452f38514147514541417745424151414141414141414141414141414141414543417751462f3851414b42454141674942424149434151514441414141414141414141454345524944495446524530456959515243556e475246444b682f396f4144414d424141495241784541507744326173724b79674346317142316f70685544696b674257576f5857696e576f4746616f6c7345646147646150646148644b70454e674470554c70527a7055545736704d6b42644b67644b5976617142376456596d4c6e74304e63536d6a32366765335657495650626f6437644e5874304e63536c594641347477397661753555674d32686a5136446e74513243437a2f30387758764d544542527649496a62787179596e445463594653526d3037323836514272394b643265782f744c666679576c4b6e497169577a62686d5936754165576771705470636d546d6b39796934764132327a7659446d3070417a4d495065456a535435626d53447474516f7756576c75795631484674762b6d306439546e554548526752454c70716478476f3069726e593450374a4c6470374e737154332b356d61344648766f4e514c696d44477a41474251745a4a424b2f52354732424578704e624745384b394f3470326573463241743547674351546c6b366a7571424250324b56723261565a397063417979574d4849716a2f414245613678714a6a626572687252664a4c6b33775556734a345644647766685667526b39704945494d3054424a304d452f49783478343042375758564353527343656e4c3678567163573648386b7247665a3144374c4a494241664c314a7a45776466485431706c2f6144573151584138734947574e5364507355445973657a585167504f6b36616736622b66313861595967433641725a574a47684730365a54797a646653764b31563833665a36476d3234706e474964675332624d6f3079364673385433644e543365745248447241456b4f64446b4d613944746d32473942336d4e74774c627a5076485752476d3037366d4e5a31465148464f65366466385851644a3556437630586d6b6e61484844384d7751674f586b6b6b715a48715930792f4f52584c344f366f526a626c633269715a494c45425a6d4e742b5930453755587779347474564974737a4d6f624b476e63486e30304732354f3147595869677a6e32674b6d6451647742743461674536394b7a6c4f572b77314655725941335a79342f76734931675275544948656e514178556f345a63743267674b6c6a42494a41496736784f322f5838506a527639716a55716332757833334d2b586853506976454175704c4b352f4543533257514e415445675430352b75567a6e7a77617078697252482f41473165476e7338336a44476655614830724b723249786c7773546e66666f777256622b47505268353564732b6f4b7973724b33494e476f5846543145777041514d4b695a614a595647525170554b67526b714e6b6f737258444c565a696351466b714a306f356b714e6b71737859674c4a555470527a70554c7054794669417662714a7264484d6c524d74475159693635616f573562707136554c64536e6d4742527272766278544d7055454e6f58414b3741624838766c7652397a6a4678413741334764674d7a74336a796a4c497967535a796942707a70547832384265753930534352504f59306a6c76484b6c6a3479354155735a50586544763870317258616a6c6c427552594d5264786c736a46453545754342445a6c4f55414258422f4633664f664547724c326137576935637432376a67467441727a6c6d4949522f776c75534e706f526d4569713377597063746c4c74772b7a6b466c4231476755755152484a5344796d6d53646b72514a507473397379526b67766c457959456a51376a667732465a4f692b44306646384e7475576136584b67616953463035677242506c586d33616a694975426256734f6c75544373306b776444484956644f7962346c625a544566764c554132726d68596f594156684a4a30316e583655733756634174674e6941304a41415341426d4a6a63624c484b4e2b644b477a484a4b746a7a4f3550756a535076352f6e536245735133694476547245346f393941424445416d415363706b41486343527936436c684b746d444651434471527249324138647a39697567534c507747304c6c70626a7357392f7536616b4d56387a456d6d2b4777374c49514c6c45414c6c7967645a675230313133384b53646c7272477769444b4147624d6563467966536d474a78616f426249613432594168694e7a476d384e586a3630704f625337505a306f516a424e39414e7a42327737484b53326b7951414e5a6a5137387564596251564171685366644567524a4d6b65736766436a72324759416c6c45435a6b366c5144424f5670354165676f61387149467a6f777a48544c4d466a454257424d37474f5a394b616e664a763841424c5a4258434d4463525437563130324b2b3856615356593751546c363765564b654a754559414d6479524f68496d464777476b66507257787845754375614d7367612f4c6c4a69503662556f78575a794955735354714a4c4859387454735435477168463557326357713431555550467869734141776e666c7a676e357a7251392b396d644156426a61527a50503871524938714948554838764c6e386164634c78534a62444d6d5a70497a45794e69426f644e6a476c625034713059512b54335a49324a542b4e666a2f4146725664584d5172456e496d76384168482f7257715766305868392f7744443644724b3879582f4149673333305733625830592f6e52466e2f694136744679306a4471704b6e3579443871724a45344d3945726c71722f41417a7462687230444f6262486b2b6e7762616e6865706367785a68726731737655543341424a49486e7039616a497245323163476f587874734366614c4867516670537246396f62616d4238546f4b6c3669525367324e32714a33464b30787a76346556544b314e5473546851513731437a56777a31477a31616b78596e54567731634d39527463703543784d656872677274376c51584c6c47515967562f733967704e334558694875616851796f42484c59796645307178585a4849397935627974626747325334495751497a4351535449676956483045763842784e792f63754a62614d2b65322b5a53736754336c4c53426f426f4e774447386d596a672b4c76496c7472626f5539346c6777504d5346336869326b3751427458526b36527855736e754b765a7637525763523752427079556c524b6b547364564f7634755246576a6876432f5a7a634a67735134746d56797a496934547249314541366a655149724d4677793871676478336a557462595a5642393042676465683330486f357370666133374d6368415a77647a304a394234654971636d776c52764539714573676d34574c4455496f6b65414c786c5859382f5457716e7866744c66765845753237697173774c637151674f684a7a626e7130632b51706666344a6a677058396e7551444a496869534245797573616e547871743472682b49526f6531645458646b4b6a356972535152364c46786a43693563397262757a64674d777953432b34683037716b6a6c476d5531572b493445694c696c59494f59696536346b4d43434e444247326d756e68592b433372746c532b46584f444275587268797167304d426333644855366b2b41307054782f4657726d4956724c546d315a6f30613444337044535370334d39617053476b5a674d557476444b6f55687a4a4a367732586c392b73314b4d5750615769775253486a62517a34445577527a506c556e4747584b49686646522b376b4c72486c504f615450683250737372687a634a5542544a42426a4b52793049506b61347355354e2f624f31366a785831513966467178793233316e4d7861424947725a633852706f4a4a6b394b69785845536c7a4d5357504b59496b676777524548556375757531563132433736476464655652584c344d6d523937657443306b457465517878574d653677423131302f696a6f65756e4f4f564d754559385779416747596b41534e4e535a4131504b4e644f564b65454f67754957416658555352704775786d6d312f444a6d7a32314676655144707a7a61456d504952524b4b65314243545479766350787644726432586943596a4b64344f6f6a59627a386141346c68725357345147527a6e5877357834616453616b5734784577456b41394a35673652702f76316f4b78685775457954426e784b747433684f6735304e34726668446e4a6339692b78686e5a515a33724b594c77794e32575a5050787256486d585a6c5343734a61754e37694d52316a54343755592f446d417a473562423646767a476c4d627470447562682f37763656704d465a355735502b497333314e5a6551367352537173447044663557422b6d745762673348376c745169334448384a414d65514d78553246775452377132312f77416f6e3466725279355532315055366e2b6c524c5552536745727858464e5065436738796f42486b4b45754b73356e4a754e31637a3871347559676d686e65733371535a61676b54334d543071733859766e32683135436e445053666a53694665663850356a383655655274455747347863746941375a65674a487736557873646f376749497546674f5443666a7a71753578555a6174557947724c37682b3146747447556a78427a4434614555616e4672546258423878586d65656a4d4c784d706f5147486a7550586e565a4d6a42486f41346a6250347836676a3871467663565838414c654f777169767847356d7a422f546c384b3666485848304c45446e6c302b676f626b436845745137523263785232794d4f73356635755872524a7869455348556a714344564965316248497a314a72455a527449386951666c547a70437750574d65792f734e70686f59426b6339592f4f734b3362696f735a554b674167514e7479596b7a484b71382b4963344f7a6d497971697842354536547276494e644a786430525574334d7849475a4942553834477842336d4b364d746b63306f7178714d4f69724f5976494f676e5139515a38783641304a6930555964334c506f685946535244416161387943524e44596e744b76732f5a323759567a6d7a744135386c36622b6d77363070784f49697a636a3853685a6d5a6b67486c343153704370427643316534692f76444d5a6d4a3865556d6568464b7545584c6a757935324956542b49363678545867654e41746e614e5a6e6f75626e384b56646b395775796467507161716b7770444b2f677536656d38487234556e75322b5441434e5a696e324d65426f59356546494d59354f683870337148433361597150512b785670487756736c4650657562714f567871652f735366336166796a394b543967762f77414b332f6d756636327179415672644441503247332f41486166796a394b3548447266384366796a394b5075584558566d5652314a41487a6f5446385673576c4c506451416634675366414b4e54565a6b306a61344f324e726166796a394b7873476e384366796a394b72324f3761577763746c63356a336d42436a3039342f4b67634e3233645446363272447168796e34456d66694b575146762f59315034462f6c4836564b6d43516667582b5566705133434f4e576351733233316a56473059656e50306d6d5a59436b335955442f737166774c2f4b50307264532b31466170592f51396a7a6931623573616e397542734b576937504f7465317279585a364963392b616761355135657547755569695a376c517539527339524d3941456a50516550544f68485063655971526d714a6e6f7343745a343876766174683572764857516a7775674f6f48337455476e6b6136467572494a4d31634d31594431724b596a465930516d4c483468366a394b4842726878547177344749655233576e3736476f33636a6c532f556169704578523261707846592b737646734d4867774e50763071444459754869594d3738756f4e424d3049444d7a792b2f57746c782b36494f704244434e6f62547a4f767a384b37594c346f354879776c43776377334c6b5a46627847495a625a5536416b65526a58363143716b5857384166446c765233463751396d6978726c5a79664251422f35483455784276426234466c6d492f4330644a31336f62736d2f65753636425239542b6c51344b356c77722f35572f5374646d486758547a4a412b456e38365944626956337535704d6a62313070553745417a366261555669726e6a533345334b42487058592f6a6c697a6762667462717151317a7537747263614f36736d674f4e397679546c776f796a6d377143543079727342346e3443764f6d785755617742794a505030716532344a3049394e2b58687276575574564a30534e735a78653565635063637552744f7738417577714933395a30326f46436b2b39486e6f61326c78435447766b646655556c7152414c5845527079724c312b5a303875756d6c4133735171366b444c317a4536394971424d61535155793544744f2f6a7076743961633956567341666178575567356f49314773626549323631594d503235784674597a69344e2b2b4d7a523567676e3531553353314f6f4d376e4c4d5434366b4857674d666955746b4664543537382f534a4239617a57724a76594b5051662f7544642f67742f7741702f77446573727978754b7479307264615a3667596e6f5175566d6657672f61654e644c63727a3650534451395a6d6f54503431304c6c4945544d39634d31526c36354c30686e52616f3265744f31526c7676372b74417754696c764d6b6a6466707a2f5830704f48702b376650352f30704469625a5269764c6c355674703945534d4c3961775055594e616d74424578617543315235713058706f6d795233714e6a584f61754e366f6c6846792b51716a70574a69694758773338356e3132464476654551666a39373171324f3841542b6e78727058434f64386a64484874472f77416f48684a3655586963535764675449396e483878422f774445557177726a4b78503470672f543656704c6d613478366b44773773564c5944433570624b466f4241452b457a556e4430434b53747a3652384a38506e536269546b4b4e647a743566373133776c3455363564666c762b6453303272736b643363514e645a673870464c735265426e6365426f6e44336b6a4d6d7669664466576f4d61514e512b58776e54394b6c536166494166374c6366765a474b3667474e4a482b4c59617a7634314c674d46634c415a5742323158776d6465556a616973436c786b427473705857446d494250505161627a5531704d514471762f414d2f314e59796e796756476c775677773175325a592f6942424139324e64564a333870726d2f6757427a657a653257334345504c446b444f5547656e6a364d4c4b58534e774e6562456d7046776a746f5730473376457a7a4f745a357044714a5538665a6532526d556e7759515a357a424f74424c6957543363774833307139763266526a4c50506b734838713466737a59336c764461506e5036565331342b7862464c745974744a5536624744496a3552725772694f515033626c4a42456768516468722b565837446347736f5a457a7a6b4a3866646b656c484f4647387834783861542f4958704252514468734f4e796b3839574e5a56302f5a634d6437494a366e5761796c356c39685936743842422f4344523248374e676e5642473532694b5748475772584d6c7569622b703258316f44486366784e3047336e5a6266384143447151644e5733623661313756523652793553375935782b4b776c6b5a4c647131647562456c5155587a50346a34443430466765496f67372b4873335038414e625545656f41704b6c714f766c465471362f58372b35705054672f5342536c3279776a694f48502f77444a613941422b5271564d546779646243672b4371667142534532426b7a617a764536783656777730477678332b4e546846656b5862375a597a6377512f2f53702f37552f576f6d786d46457867375238387533777176716a524932366e37327263456279667a2b2b745078516670452b5358624f4c746c53374d4641424a494135416d514234436f32346568314b4b664d553274346551504b705677316469684375455a50556e3278494f463276377450355257446864722b37542b5555384747726f59616e684470426e4c74694c2b79725839326e386f7266396c577637745035525437396c725032616a434853444f58624548396b327637745035522b6c624843625839326e386f7036634e584a773954684470426e4c733833347061744a6475726c59454f4d75574d6d67324b6b64656e6a514b4a4451426d6e51514e4a614e496e6554455650326a624c697234316b50366536763336436f2b4657376258414c686255694d73535359356d65664c63375635553779612b7a726a776a6b47494245526f52744654596653527439614a783646537763616b53427a45485351596a6467644e4949473267694e6f504c2b6d2f68507a724e76304e68436f736a4d6f594138784d302b774b326741505a57344f3543414470747a3566597049682f646e36383950436d33444c59304266574a6a31362f664f6e767349756542775747796f7074576741415063422b5147756c572f41396d63433173453462443341655a744966545556526264737871547449504b4e717648592b7934745a6d4a436b6d4635486154743452576c4963517a2f365a77655449754673717345514c6172453777514e44346967626e5a477a6b5a4568637a35677852575a56306c464a4875794f656f6b315a36413478665a4c4c75727168554579776c644f7668537858525a354e782f42334c4379794d674c51724545457274422f7852425053712b754b75652b48664b4e50653142322b46656a3857786c7a453455326e746b3567574e78786c4369544875726f5945655739655974597a41736c7474464f717952496b36774e4e4e39646f5049796e4350526d797a396e754c322f615264486456433238677462416957636d515a61636f414d72512b4542652f622f66667533624b63793552333950336665366c69704930436f547a464c7549587266736c7432373374465353465a494a4d44764b52454463465a4f7148774e45384d77396d30567844334761326f42434641485a7a47677a53717764796452456748656a43505144506a3248466a753262694e6e623262755748744c6477754177436136445343736e553639536346684549745963766e756938347550336c4152444c46745a4932556374534e534b5838497470667859646b57326975684452624f567842372b62333878426e58557449484b72316937467462375879685074555a62694855686741555a655a44716b4162456744636b55384939464c6348776e5a6644736759583770446434454d594b74336c69434f524849566c53586530754477784e686b5a536d6b425741453669494562486c57552f48486f5a3535683355446348306e2b67382f4770376435535942676541426a35363655586965484779694b377a64494a43686746424551574d624830326f6c526872616a32695843544864624c62625854634c4a4138366131306c66503841426e6732415069414341475979444d654567514f584b7457334242445a703854793952416f37322b486e4d75485a675275626d38656f3656705877353277336c4c584438316235306e2b5376327357414d414f54654770483138716a624d444a496e55615164504b69373136304979327251677a6f626839496e387556647261527849635732334a5653666b314a666b396f724147737557596748585741416557683071554b76764554794930426e6e7038616e785743516f665a335a6251775a452b5a436a35306d75357375704a3778315055515079507a726147706e77524b4e636c6977334737454450624b465957423367776e665859787672355577746352775a4d6530426e55614d73623654456576317064593466684462566d446e75724a41636954767142487656322b41772b79324c6a6141795843694f5770615a394b30792b324750305747316277784569346835652b5054312f5774584d436d5a514441306e637a362f65394c4d4e674c6179665a5739524547347a43504546414b49745971336169326f55413667456b6a58704d7853556e664c4b786a3046667369686a6d6463757731696464534b354f4858574758654e544231384b6962694e74695668547a314768313333714e754a577849796f656b44534b754d7045796a416d7534554b4a4d52316e376d676736795a6b434f6d3572722b314647674367644d763841576f6a78464364517638672f577255706530526a4830655139726a2f414d376635643852367175356e39614173597067417344517943424462524759616b616336596471334e7a47586f6a333942456271756d6e6c516d48774c4d6d64466b44553934546f6467704d6b2b4739634d39327a6463426c76464e63552b304f5a755473784a45455272762f454e644f39554e3179644a386f366e5438714752446d42416e6c7072396d7072726c6f47704d38767938717853616b4c3254576e4d524f333132706a674d52426e5352734e704f6e35557074474476416a727635523655313463675a6c45486362626e54707a4e55787339493452674c6c327a4b6a4d4e7746306b74335a4d3868487a477654304c6853584674494c6b5a77494d64426f50574b69344467786173496d584b596b69655a706c576853527568385668317541426849426d504566373052516e45623574323364514356556b416d415479452b644178427848694453364e6b53336c4b35414d7a746d6943522b46594a4f67506a47674b76686e5a3343585a61796f6a4a374f3444715156364e33544a356e6e4132464457377a4e65396f354679363751467a675a594d69415274706f64594d61557774346f574d70736f71737737387932516b535a35365a57322f68314d307843507442325577397349694d666142674d345573566e61336b5579774930473542676167774f6542634b4676506458324e353042746c5263417a49347a5a307a69474f6d674a477a4b6471337854682b4d787839714e4172424169796b67735a4f625861415a4a45534f6d74593431325a657758574a5146526e39345a7a706f594573476d52706f65756c4b774c723255786d4675766365396274323768644c61707a5943514331734578715249324241356961746e476b52305a52373445774e446c427a524a3055393256504a6744794e65463457364c59693441776e79614144425538745152505565465772446d3457625063444b793559646e59783363696831424c4d755a564157444a385452596b78626a4c504557646d524d53367363775a4d78566732736a4b304466554459794f565a57736667624b33475637654a44434d77556e4b44416d4a58616654707057555a42517678393537647872643244424151724a7a4c2b45376e586c365279706c67734b3178496375697a377056684d394159313033696d695872534b652f6364346a75484b6f6a6d4a6b6339775079714e56426250424235537862547a306a6e58444c386d4d49303375624e52577a59497644723977716c753256746a62556570494c524a3661564c6965443330544d3977496b5a564a634451387537312b79616d4b366e7675756263676b4858316973784f454632324c66747267414a4f6f7a622b4a4f745966356274627176344d704a656a6a676e4230616638416d4c514a4d5a5354723069514f5a706733447252396f4d77507377535354414f58784136306f776e426e744e6e532b4445364d6847766e6d4d6643756248444d51465a53396b686a72726358303058705650565570586b4c5950746f4a4432396255654d794a6b36776450796d6f754b34573163487445754e7043657a564354346b484e343834326f427545346b58413975376141424d53586d4e52735636616164425866396a5869444f49747153434a5644756563534e64766857386465455861596d6b305348463356376f59776d6937676741394d32396332735a634f596c694a334d373077343569734b6d48793232734e64415653526c4e7952415968522b4c6663694b58595667564554486a5862354a4a585a53696d617459387a3734416b724a494730637a3937314c5a754334644c714c4732664e73427a4b71514a464a654b34514a6d62554b5a4969544477594564443135545547413476694c475a45754b674b6832566e514167695633616378424864426e714b366f54796a6673786c436e51372f6168424a754b4479424a314136434a387069687637533861337772697546614469687641424f624b534a33796778754e346a3430466a384d7432352f77417156645350774b79717361613579666b65573161526e365a446748324d59584d426c4850764f7144347351505370775a6d4c396e547263412b453648343157622b47754c494a45694e4a314d39415272387146396f30775a4239642b6e6e565a4a384d57494878705a7633546d424f626347564f6735383648733539642b683130366178345438616b786148504c4865434f656830394f652f5374657749456a55544759544738644f746564502f5a6e53754471305143445050552f704f356f7643596b573769334d733648535351515a566876726f5350586c4530755552725567414d435435386836566e573968513034726546786863746852624941437170584a71514132387363704d795a2b564759424873334c5a594730474967794d77554541766c6b6c542b4953504555636d447376594a746c535262483775577a7336447675783930476378416d4e524735694c396e7a33786367697773444d36453232795a417730454d4378414941323241454155445066734c6a4c624b70567751566d547a4855387149743356595372416a71444e656570784133415665356247724d593557775653564b71653733797738464135313167754c3237567a4d725a684941414c456b44756b794e434e535270303270324f7a30576f4d52614471564d7751646a422b4e6146334d4a452b756c59747730777370755077715737677a6e5063436b776762756a4b4e574a6b66684a477833504d314c3258786172634b74752b6979652f496b7777694567454c706f5438425962574174686d5a67474c456d4341514d334954362f45314f2b46514d4c6b415a637832357447592b656c41412f45336133624a7449704f70796d645364646c424a3135654e6564343341346e456d346c317944475971457a4d70477041514d4f515174706f547072545874567853344c715a55495951304a6d446a3353632b61464a4e75514271543368455574345878676d2f6c6135634c3553397938774174736b774652494f554553515275527551596f734756376a6232375766433277726b6843773935626479336b4a5a57556b465837774962336451596d4b4f776e614d573746713563742b315958474f5333467446592f756762684150664f7345363666453748384c4e3138526946415730792b7a5a4351584b5a46746b6b4b777936676145412b3664366f6e454177415653796f304e446d436537433569414e6373487042424f784e4a73426a784869615862723341366a4d5a3146772f582f62707057556a743467774a5148534a31316a542b4b736f41396b73596577414d6c74533351443655785441576d454f696e714f6e576b747056482f544d654f686f394c6267546d416f656a70394c2b69624d75384d7471536369675470397a5862594b307576736c5a534e434a305053687632567932705750456e365565746c514346492b656c5077366637562f5141362f73764f304a396631726b574c4f2b52593130312b6b314c664a4b3564443543506e5172594564576e7a302b6c4868302f326f44543272664a41504761346241717a425248702b73314b6251413131364439545175493468617441693434556e6b4e2f6c714b727836615630763651743242344467317458756937772b33656c324b6c57495971433045673930456b645a4f38553178504456577737572b4870595a5370487447526b4b7a724d58426c4f3955462b3162323363573174473078755a6b634f4264444343476773415a414f6d58553769644a78786f33455a417436326935575332587658455a51535341364b54624762514d5a32486a5765535a644e486f2b42774f437568456644414f794269705234485855387035306133592f416c677877746f73414143566b77444935386f727a546750462b4b575146745957517a676b5a417a757037305a2b36584d4d5357316a546176574f44346936397347396265322f4d4d4545794f57526d48704d31536651667942487366675a7a667374755a6e625365735446536e7331684e686837593868483070315755386d4a78544b382f5a54424579634e624a6d646a763861346273706769492f5a72667750503171787857697455704d7a656d2b7a3568376234524c575078467530716f697541714451415a4650776b3074734f77557143515a6b2b57326835623871632f3841454e694f4b34736a6c63482b68615133474d7778314d617a346265565a74376d6956493659387444392f596f69326d322b59386f6d5068555747535a593867666c4646534435387465514d5448727a715268746e69444b43717355556b5a674e795272767935474a3346466a46506f53356d594f5979774235787564766c5353346a457a423131303853647964714c776831417a5166485834637853626f525a734d626f52574179484d79357451366c566b39305245434353427a3852546e676e43626c316c6c32555a4d2b594763707a454165476f326d64664f4b3168372f414c4d6c7863556c564a6874436379485047344f6b6a786e72562f374a63535237616536704b464757514d7844534754575341735366446e545473525a6548335874322f5a75355967376e6550482b6c46506976476b6e464c326f52424d694433686f65744b46787a41746d4f704172516f7469347852717a41446d53594138364a7776484d4d34376d497448777a6748344857715532496b6a4e7271434a366a597835363156754d7062533451584b35386f79716f59454c794b6b5a535249496e664d5233616c73566c2f6645346645336e7472634449366c7336766d597373417245455a526d557847736d6442464c68774d5a4852566c397745494d374b585063317a4b4a436b784a4f6c4534544233676759484d687468733757314444624e6c494a50656745536333654a31675a586d42774b706263686d4b456d3447444d587a614577435344424551663451444d6b30444b746765794b33575946516a32314e747269505074494a674e477136626964393567565365306d42396737324162556c6b59735433306379643954424a4b3738702f455458716d45784a755a476457743257554746507377784a555377393844595a5166416c75537a695043374b49345631515a62694651755a6e467a4d7a41577837736e4c794a4a51414141775851486a2b4d777432793757376e74626272756d68695250586e4d2b745a5635745069314155594b33696376643971626859746c306a4d57453559797a4834647a7563705968534b7068385665414f5735646a7764764b59332b644d453478696c556c627478744f732b584c6569634e6b5a564449646f7a44495a35616b366b775039364f43576a706f5475644e543847726e7a2b7a66786766432b30654e416c3142312f456f6e3545476a54327478456747326f3639306b447a4f61616c74576249494d452b70412b452f4b756b664b546b5141544d674b43664e6f6b306c724e657738534e50327675774f35626e626e71656d7244583431792f617934424a5246387957486e6f644b36754b57316a6c7979784a6e6f7330754f416374715470735a7a664b4e496d68666b5837423661524c6a4f31463071515371637469704d3739346e547a383672373232595a6d5952766f54723548666d4b5066686d3676634a6d596e3656446334634642676d535048626f4e5970505654653744416134717868626c75336374335437564c61356b613257444f41515343474758585866707474514e6a4743304d316956764567735a79674d7361693055494a4f2b68306b37307253347974496b77642f4c383631696e4e77356e696130776265784e716833593765343231634a6332726f7a416b6c544a30324448766153644e68724665696343376659613467462b3445756d5356467534414279414a427a6559307279684d4f374a33625a6a6563756e30317272443464387932784d73514141704931356156532b4c335a4c50644c58614c434e74694c667132582f564646706a3754653764746e7964542b646557385037475857673348792b414776784e575041396a724365387a503573662f4543744874374a73756e746c2f694878465931395275772b4e5650696d48777546744e63754b6756526f50784d655369547154586c334765305459686741696f7377714a304a2f45655a6a6e38685579644c6b614533623638473470696d516867584242426b474558596a797043725a5a6b6b48386a796f6a45702b3962506f51327650586c743555486366576a6b6c386a4c42694549696444487270507a46636f78556d4342503032394b454e2f5143756d756b643659504b6b415568615441352f6948794931676137314d7a6a587569664d52487076392b56434c637a6954715144352b6f45534438616b7433534f36594b786f4f63475938616d5345455969396f4f6b614831715444596867564b794441456951414438396142642b39456b676a53492b42384e7a55714e796b674478323961714b70434c7a674d5a43494d354d44556d7268674d54592f5a3430396f574c6436536378676432656341625635476d496a64694e4e5045636a5050616a38467868725a52737849423964352f4f64545455674c747854486f72354e5377316e62552f47644b584a78513362354c706257326b67514e5473645476473350574e617233456363626a5a683366785274506964647a515676464e4254534442674365666e735441506e5462456574384b3751456935374d4f366f724d59586b4e5643696538497a484d414a6c6155635137584d2b613361554c617a5a522b4273697153307151514541475545446b4359317173384676334c5a5942307964345a424a6b50424544594742426e77714448584c417632726a4f3436685a5a5655374472477351442b4963714739697250522b4534356d5565317a323151414d5649396d4d72616775527544706f5a415544576c6549786d5737634670786c49624f6665645153704d686d44717a444d494444336a7a696156693864636147572b476a5a55494371686164566a4e6e6e554757694274705567347837454333634a444b303564416a5a73755a53596b466f366a7571766c51704259367856683359746276334d68694d713933595448644d435a306b787457364a7564744d62624a53316872655161724e70396d37326b45534e644447306237316c56595756584375576b5a53493131325035656c484970575a63425248494430367a72516d46574f666a52514a414a554b515a304f3530386670586d726336374a72654a4235676a7a727632784b7841387a74356e707253504243347a466c54583357426b4139504c2b744f7252584b494548516a51524f752b6f673870386148484556746b746775717958304a32332b59333631327a6b6953642f5375466658574e705057613746776e5966703859714c334c524263326b7849356b6241784d65656c435847496e592f3755566a69574541522b66575453736b694e665166727a716b69626f75765a54732f5961776c362b6f5a334769795371674d594d443854626e774d645a6d78574377646f6a4a685337446f725144796c6a343158657a766156304a734f414555467262447153574b744a67623655467850464e636b676d447151444942484c58667a69753655306f716a6c71354f7931584f3264764b317332536b4c6c30596557674132464a686a374d467336534e5937344759366a597a72356371716c766949476831557a7670355479705a69727967364752796a724659715462334e4b72673968374e385a6437583777715176756d5a4f586b43447249366d6d78346f4f746549324f4b6b6f6c75484f5764437a5a534472426944456a516566576a754538616132513978334b6b454476534a4857544e64455a78577a4d6e462b6939397553622b4767456478673542456b69437568334237302f4b764d736b48556d515a6a797037633751732b59706f4e7439666c4970572b494d4d7a67536470484c6e392b4e524c556a6578704344713256374574336d38392f72723531476a377a352f3072654b6157626266793554745549625465744344746d6b3130344241452f6531524a7072302b764b704c4b5a74742f50705359477262465449334646732b59445458773567373665663530477a48777270584d525039504b6972416d5335424a3330492b496a364775374e795a302b752f6e2b745172485037384b3337542b456d71414d456d43462b5033465367386a362f4c7076514b4f547a2b4a6f32797a6379493554714b6837456b33746a42582b476565346d6f6b754147525772774d6e5475386942366d73734a504b54387648316f414d346669626775487648585858594566307067747232684b683337784a4d387a35676a54516641554b67304256464138684e536531694e42394e657633307158754164684d4f714d43336574357456676d4f5231354e484d644b73483755704a7959634f48455a57372b7262454567636775786d414e6f42435844596f69336b3049366e5569664870547a67725130687846734231424579544f594561534247343031586559707852514e6434586853543753376a4c622f69515a5656547a4371354c41644a35567572446478366b6e3936663569506c79724b766673566c41736e5565512f4f6a483932332f414a6a2b645a57567861664230734f5464664f7471507a2f4143724b79733379797a4c2b33702b64627438764b73724b6c44496876366e2f4146557378653572645a566f6c6c4f78546d5831507648366d70724e776736456a546b59724b79757863484975534d7565397164682f7146646974316c4d75584b4a7262474272312b70724b3357564a58736b734d636831354e572b4a2b36762b5250394e5a57566c2b70476e3652446433503379726836335756314850374e63765839616c772b34387a57566c444137763765702b745272736179736f5147367a6e36316c5a54414e7465353669744a376f724b797041595948394b3574653666582f4146566c5a533941544d78673639507a6f65333733782f4b73724b493843484f462b2f67614c77726b584141534155615231315773724b5059692b583753357664484c6c34566c5a57566f55662f2f5a2220616c743d22222077696474683d2232353922206865696768743d22313934223e3c2f7374726f6e673e3c2f703e0d0a3c703e446570656e6469656e646f20646520646f6e646520746520656e6375656e747265732c2073656e74697261732064657465726d696e61646f20636c696d612c20656e74726520656c6c6f7320736520656e6375656e74613a3c2f703e0d0a3c703e53756274726f706963616c20636f6e2f73696e20657374616369266f61637574653b6e20736563613a20456e20656c206e6f726573746520617267656e74696e6f2c20746965727261206c6c616e612079206c6c7576696173206162756e64616e7465733c2f703e0d0a3c703e54656d706c61646f2068756d65646f3a204365726361206465206c6120636f7374612c20656c206573746520617267656e74696e6f20656e206c612070616d70612068756d656461207469657272612066657274696c207920706176696d656e746164612074616d6269656e2e3c2f703e0d0a3c703e417269646f2050617461676f6e69636f3a204e6f20686179206d756368612076656765746163696f6e2c2061756e717565206c61732074656d70657261747572617320736f6e2062617374616e74652062616a61733c2f703e, 'Lleno de paisajes y biosfera varieda en una porcion de territorio, Argentina', '2022-10-29 09:06:28', '2022-10-19 03:57:51', NULL),
(78, 51, 'nosequeponerle', 0x3c703e4e4f53454545454545454545454545454545454545204148484848484848484848202a2a2a2a2a2a202a2a2a2a2a2a202667743b3a763c2f703e, 'tampoco aqui se que ponerle', NULL, '2022-11-06 04:07:40', '2022-11-06 04:08:39');

-- --------------------------------------------------------

--
-- Estructura de tabla para la tabla `informe_dislikes`
--

CREATE TABLE `informe_dislikes` (
  `id` int(10) UNSIGNED NOT NULL,
  `informe_id` int(11) NOT NULL,
  `usuario_id` int(11) NOT NULL,
  `fecha_alta` datetime NOT NULL,
  `fecha_baja` datetime DEFAULT NULL
) ENGINE=InnoDB DEFAULT CHARSET=utf8mb4;

--
-- Volcado de datos para la tabla `informe_dislikes`
--

INSERT INTO `informe_dislikes` (`id`, `informe_id`, `usuario_id`, `fecha_alta`, `fecha_baja`) VALUES
(1, 73, 31, '2022-11-15 07:27:03', '2022-11-15 07:27:04'),
(2, 73, 31, '2022-11-15 07:27:04', '2022-11-15 07:27:05'),
(3, 73, 31, '2022-11-15 07:27:17', '2022-11-15 07:27:18'),
(4, 73, 31, '2022-11-15 07:27:20', '2022-11-15 07:31:50'),
(5, 73, 31, '2022-11-15 07:31:51', '2022-11-15 07:31:51'),
(6, 73, 31, '2022-11-15 07:31:51', '2022-11-15 07:31:52'),
(7, 73, 31, '2022-11-15 07:31:52', '2022-11-15 07:31:52'),
(8, 73, 31, '2022-11-15 07:31:52', '2022-11-15 07:31:52'),
(9, 73, 31, '2022-11-15 07:31:53', '2022-11-15 07:31:53'),
(10, 73, 31, '2022-11-15 07:31:53', '2022-11-15 07:31:53'),
(11, 73, 31, '2022-11-15 07:31:53', '2022-11-15 07:31:53'),
(12, 73, 31, '2022-11-15 07:31:56', '2022-11-15 07:31:56'),
(13, 73, 31, '2022-11-15 07:31:57', '2022-11-15 07:31:57'),
(14, 73, 31, '2022-11-15 07:31:57', '2022-11-15 07:31:57');

-- --------------------------------------------------------

--
-- Estructura de tabla para la tabla `informe_likes`
--

CREATE TABLE `informe_likes` (
  `id` int(10) UNSIGNED NOT NULL,
  `usuario_id` int(11) NOT NULL,
  `informe_id` int(11) NOT NULL,
  `fecha_alta` datetime NOT NULL,
  `fecha_baja` datetime DEFAULT NULL
) ENGINE=InnoDB DEFAULT CHARSET=utf8mb4;

--
-- Volcado de datos para la tabla `informe_likes`
--

INSERT INTO `informe_likes` (`id`, `usuario_id`, `informe_id`, `fecha_alta`, `fecha_baja`) VALUES
(1, 2, 2, '2022-09-05 14:54:52', NULL),
(2, 9, 40, '2022-09-11 00:37:42', NULL),
(3, 2, 2, '2022-09-05 14:54:52', NULL),
(4, 9, 40, '2022-09-11 00:37:42', NULL),
(5, 29, 49, '2022-09-16 03:11:06', '0000-00-00 00:00:00'),
(6, 29, 49, '2022-09-16 03:16:16', NULL),
(7, 31, 49, '2022-09-24 06:47:30', NULL),
(18, 58, 73, '2022-10-26 02:34:02', '2022-10-26 02:34:03'),
(19, 58, 73, '2022-10-26 02:34:08', '2022-10-26 02:34:10'),
(20, 34, 43, '2022-11-01 01:34:47', NULL),
(21, 34, 42, '2022-11-01 01:34:57', NULL),
(22, 32, 44, '2022-11-01 01:37:10', NULL),
(23, 32, 45, '2022-11-01 01:37:24', NULL),
(24, 31, 73, '2022-11-05 04:40:38', '2022-11-05 04:40:45'),
(25, 31, 73, '2022-11-05 04:40:46', '2022-11-05 04:41:22'),
(26, 31, 73, '2022-11-05 04:41:22', '2022-11-05 04:41:23'),
(27, 31, 73, '2022-11-05 04:41:24', '2022-11-05 04:41:24'),
(28, 31, 73, '2022-11-05 04:41:24', '2022-11-05 04:41:24'),
(29, 31, 73, '2022-11-05 04:41:25', '2022-11-05 04:41:25'),
(30, 31, 73, '2022-11-05 04:41:25', '2022-11-05 04:41:25'),
(31, 31, 73, '2022-11-05 04:41:29', '2022-11-05 04:41:31'),
(32, 31, 74, '2022-11-05 04:51:07', '2022-11-05 04:51:09'),
(33, 31, 74, '2022-11-05 04:51:10', '2022-11-05 04:51:10'),
(34, 31, 74, '2022-11-05 04:51:11', '2022-11-05 04:51:12'),
(35, 31, 74, '2022-11-05 04:51:12', '2022-11-05 04:51:13'),
(36, 31, 74, '2022-11-05 04:51:13', '2022-11-05 04:51:14'),
(37, 31, 74, '2022-11-05 04:51:15', '2022-11-05 04:51:15'),
(38, 31, 74, '2022-11-05 04:52:35', '2022-11-05 04:52:36'),
(39, 31, 74, '2022-11-05 04:53:21', '2022-11-05 04:54:30'),
(40, 31, 74, '2022-11-05 04:54:31', '2022-11-05 04:54:31'),
(41, 31, 74, '2022-11-05 04:54:56', '2022-11-05 04:54:56'),
(42, 31, 74, '2022-11-05 04:55:45', '2022-11-05 04:55:46'),
(43, 31, 74, '2022-11-05 04:55:47', '2022-11-05 04:55:47'),
(44, 31, 74, '2022-11-05 04:55:48', '2022-11-05 04:55:49'),
(45, 31, 74, '2022-11-05 04:55:50', '2022-11-05 04:55:51'),
(46, 31, 74, '2022-11-05 04:55:53', '2022-11-05 04:55:53'),
(47, 31, 74, '2022-11-05 04:55:53', '2022-11-05 04:55:53'),
(48, 31, 74, '2022-11-05 04:55:54', '2022-11-05 04:55:54'),
(49, 31, 74, '2022-11-05 04:55:54', '2022-11-05 04:55:54'),
(50, 31, 74, '2022-11-05 04:55:55', '2022-11-05 04:55:55'),
(51, 31, 73, '2022-11-15 06:03:19', '2022-11-15 06:03:20'),
(52, 31, 73, '2022-11-15 06:19:47', '2022-11-15 06:19:48'),
(53, 31, 73, '2022-11-15 06:19:48', '2022-11-15 06:19:49'),
(54, 31, 73, '2022-11-15 06:28:09', '2022-11-15 06:29:30'),
(55, 31, 73, '2022-11-15 06:29:30', '2022-11-15 06:29:31'),
(56, 31, 73, '2022-11-15 06:29:31', '2022-11-15 06:29:31'),
(57, 31, 73, '2022-11-15 06:29:31', '2022-11-15 06:29:32'),
(58, 31, 73, '2022-11-15 06:29:32', '2022-11-15 06:29:32'),
(59, 31, 73, '2022-11-15 06:29:32', '2022-11-15 06:29:32'),
(60, 31, 73, '2022-11-15 06:29:33', '2022-11-15 06:29:33'),
(61, 31, 73, '2022-11-15 06:29:33', '2022-11-15 06:29:33'),
(62, 31, 73, '2022-11-15 06:29:33', '2022-11-15 06:29:33'),
(63, 31, 73, '2022-11-15 06:29:34', '2022-11-15 06:29:34'),
(64, 31, 73, '2022-11-15 06:29:34', '2022-11-15 06:29:34'),
(65, 31, 73, '2022-11-15 06:29:35', '2022-11-15 06:29:35'),
(66, 31, 73, '2022-11-15 06:29:35', '2022-11-15 06:29:35'),
(67, 31, 73, '2022-11-15 07:27:06', '2022-11-15 07:27:06');

-- --------------------------------------------------------

--
-- Estructura de tabla para la tabla `informe_vistas`
--

CREATE TABLE `informe_vistas` (
  `id` int(10) UNSIGNED NOT NULL,
  `usuario_id` int(11) NOT NULL,
  `informe_id` int(11) NOT NULL,
  `fecha_alta` datetime NOT NULL
) ENGINE=InnoDB DEFAULT CHARSET=utf8mb4;

--
-- Volcado de datos para la tabla `informe_vistas`
--

INSERT INTO `informe_vistas` (`id`, `usuario_id`, `informe_id`, `fecha_alta`) VALUES
(1, 9, 40, '2022-09-11 00:27:01'),
(2, 1, 40, '2022-09-11 00:27:16'),
(3, 9, 40, '2022-09-11 00:27:01'),
(4, 1, 40, '2022-09-11 00:27:16'),
(5, 29, 46, '0000-00-00 00:00:00'),
(6, 29, 48, '0000-00-00 00:00:00'),
(7, 29, 47, '0000-00-00 00:00:00'),
(8, 29, 45, '0000-00-00 00:00:00'),
(9, 29, 49, '2022-09-16 03:49:00'),
(10, 30, 49, '2022-09-16 03:50:31'),
(11, 31, 49, '2022-09-24 06:47:26'),
(12, 31, 46, '2022-09-24 08:59:14'),
(13, 31, 48, '2022-09-24 08:59:19'),
(14, 31, 61, '2022-09-25 01:42:22'),
(15, 29, 61, '2022-09-25 01:42:51'),
(16, 31, 60, '2022-09-25 01:45:29'),
(17, 29, 60, '2022-09-25 02:14:01'),
(18, 31, 59, '2022-09-25 02:35:40'),
(19, 29, 59, '2022-09-25 02:48:06'),
(20, 31, 47, '2022-09-25 07:41:40'),
(21, 31, 65, '2022-09-26 12:06:23'),
(22, 31, 45, '2022-10-07 06:59:12'),
(23, 54, 67, '2022-10-12 02:03:30'),
(24, 54, 59, '2022-10-12 02:03:40'),
(25, 54, 73, '2022-10-12 02:05:59'),
(26, 54, 74, '2022-10-12 02:09:49'),
(27, 31, 76, '2022-10-19 03:31:15'),
(28, 31, 73, '2022-10-19 03:35:50'),
(29, 31, 75, '2022-10-19 03:36:03'),
(30, 31, 74, '2022-10-19 03:36:22'),
(31, 58, 73, '2022-10-26 02:33:59'),
(32, 51, 74, '2022-10-27 07:43:18'),
(33, 31, 77, '2022-10-29 08:25:37'),
(34, 34, 42, '2022-11-01 01:34:36'),
(35, 34, 43, '2022-11-01 01:34:43'),
(36, 32, 44, '2022-11-01 01:37:07'),
(37, 32, 45, '2022-11-01 01:37:22'),
(38, 31, 43, '2022-11-01 10:30:47'),
(39, 51, 73, '2022-11-06 03:55:20'),
(40, 51, 77, '2022-11-06 03:55:26'),
(41, 51, 78, '2022-11-06 04:07:47'),
(42, 31, 78, '2022-11-06 04:08:11'),
(43, 51, 59, '2022-11-06 04:13:59'),
(44, 51, 58, '2022-11-06 05:29:22'),
(45, 54, 75, '2022-11-07 05:36:28');

-- --------------------------------------------------------

--
-- Estructura de tabla para la tabla `insultos`
--

CREATE TABLE `insultos` (
  `id` int(20) NOT NULL,
  `insulto` varchar(200) NOT NULL
) ENGINE=InnoDB DEFAULT CHARSET=utf8mb4;

--
-- Volcado de datos para la tabla `insultos`
--

INSERT INTO `insultos` (`id`, `insulto`) VALUES
(1, 'mierda'),
(2, 'm1erda'),
(3, 'mierd4'),
(4, 'm1erd4');

-- --------------------------------------------------------

--
-- Estructura de tabla para la tabla `mensajes`
--

CREATE TABLE `mensajes` (
  `id` int(10) UNSIGNED NOT NULL,
  `usuario_id` int(11) NOT NULL,
  `emisor_id` int(11) NOT NULL,
  `mensaje` varchar(1000) NOT NULL,
  `vista` datetime DEFAULT NULL,
  `fecha_alta` datetime NOT NULL,
  `fecha_baja` datetime DEFAULT NULL,
  `notificacion_baja` datetime DEFAULT NULL,
  `destacado` datetime DEFAULT NULL
) ENGINE=InnoDB DEFAULT CHARSET=utf8mb4;

--
-- Volcado de datos para la tabla `mensajes`
--

INSERT INTO `mensajes` (`id`, `usuario_id`, `emisor_id`, `mensaje`, `vista`, `fecha_alta`, `fecha_baja`, `notificacion_baja`, `destacado`) VALUES
(67, 31, 51, 'xd', '2022-10-30 00:00:00', '2022-10-29 00:00:00', NULL, NULL, NULL),
(68, 31, 51, 'a', '2022-10-30 08:34:53', '2022-10-29 06:04:48', NULL, NULL, NULL),
(69, 31, 51, 'tiki', '2022-10-30 08:34:53', '2022-10-29 06:06:40', NULL, NULL, NULL),
(70, 31, 51, 'a', '2022-10-30 08:34:53', '2022-10-29 06:08:23', NULL, NULL, NULL),
(71, 31, 51, '', '2022-10-30 08:34:53', '2022-10-29 06:08:25', NULL, NULL, NULL),
(72, 31, 51, 'a', '2022-10-30 08:34:53', '2022-10-29 06:09:29', NULL, NULL, NULL),
(73, 31, 51, 'ssss', '2022-10-30 08:34:53', '2022-10-29 06:11:00', NULL, NULL, '2022-11-07 12:48:48'),
(74, 31, 51, 'a', '2022-10-30 08:34:53', '2022-10-29 06:15:47', NULL, NULL, '2022-11-07 12:49:26'),
(75, 31, 51, 'as', '2022-10-30 08:34:53', '2022-10-29 06:17:43', NULL, NULL, '2022-11-07 12:48:34'),
(76, 31, 51, 'sada', '2022-10-30 08:34:53', '2022-10-29 06:18:08', NULL, NULL, '2022-11-07 12:47:32'),
(77, 31, 51, 'nose', '2022-10-30 08:34:53', '2022-10-29 06:19:06', NULL, '2022-11-07 12:40:41', '2022-11-07 12:40:26'),
(78, 31, 51, 'saf', '2022-10-30 08:34:53', '2022-10-29 06:19:37', NULL, NULL, '2022-11-07 12:36:07'),
(79, 31, 51, 'aaaaaaaaaaaa', '2022-10-30 08:34:53', '2022-10-29 06:21:05', NULL, NULL, '2022-11-07 12:34:39'),
(80, 31, 51, 'pq', '2022-10-30 08:34:53', '2022-10-29 07:02:01', NULL, NULL, '2022-11-07 12:34:30'),
(81, 31, 51, 'd', '2022-10-30 08:34:53', '2022-10-29 07:02:24', NULL, NULL, '2022-11-07 12:34:15'),
(82, 31, 51, 'jajaja', '2022-10-30 08:34:53', '2022-10-29 07:02:44', NULL, NULL, '2022-11-07 12:33:49'),
(83, 31, 51, 'a', '2022-10-30 08:34:53', '2022-10-29 07:06:53', NULL, '2022-11-06 01:41:46', NULL),
(84, 31, 51, 't', '2022-10-30 08:34:53', '2022-10-29 07:07:10', NULL, '2022-11-07 12:08:08', NULL),
(85, 31, 51, 'g', '2022-10-30 08:34:53', '2022-10-29 07:07:26', NULL, '2022-11-07 12:07:59', '2022-11-06 09:01:38'),
(86, 31, 51, '}', '2022-10-30 08:34:53', '2022-10-29 07:07:42', NULL, '2022-11-07 12:08:18', NULL),
(87, 31, 51, 'd', '2022-10-30 08:34:53', '2022-10-29 07:08:00', NULL, '2022-11-07 12:32:35', NULL),
(88, 31, 51, 't', '2022-10-30 08:34:53', '2022-10-29 07:08:09', NULL, '2022-11-07 12:07:39', '2022-11-06 08:50:56'),
(89, 31, 51, 'f', '2022-10-30 08:34:53', '2022-10-29 07:08:40', NULL, '2022-11-06 09:01:31', '2022-11-06 08:34:22'),
(90, 31, 51, 'f', '2022-10-30 08:34:53', '2022-10-29 07:08:47', NULL, NULL, '2022-11-06 08:31:34'),
(91, 31, 51, 's', '2022-10-30 08:34:53', '2022-10-29 07:09:20', NULL, '2022-11-07 12:32:52', '2022-11-06 08:13:47'),
(92, 31, 51, 's', '2022-10-30 08:34:53', '2022-10-29 07:10:04', NULL, '2022-11-07 12:07:26', '2022-11-06 07:58:35'),
(93, 31, 51, 'f', '2022-10-30 08:34:53', '2022-10-29 07:10:35', NULL, '2022-11-06 08:52:03', '2022-11-06 07:52:47'),
(94, 31, 51, 'd', '2022-10-30 08:34:53', '2022-10-29 07:10:40', NULL, '2022-11-07 12:07:52', '2022-11-06 07:52:23'),
(95, 31, 51, 'f', '2022-10-30 08:34:53', '2022-10-29 07:11:09', NULL, '2022-11-06 08:51:35', '2022-11-06 07:50:45'),
(96, 31, 51, 't', '2022-10-30 08:34:53', '2022-10-29 07:11:16', NULL, '2022-11-06 03:44:32', NULL),
(97, 31, 51, 'as', '2022-10-30 08:34:53', '2022-10-29 07:12:19', NULL, '2022-11-06 03:56:42', NULL),
(98, 31, 51, 'f', '2022-10-30 08:34:53', '2022-10-29 07:12:33', NULL, '2022-11-06 01:41:38', NULL),
(99, 31, 51, 't', '2022-10-30 08:34:53', '2022-10-29 07:12:53', NULL, '2022-11-06 01:39:39', NULL),
(100, 31, 51, 'sa', '2022-10-30 08:34:53', '2022-10-29 07:47:03', NULL, '2022-11-06 01:39:30', NULL),
(101, 31, 51, 'sf', '2022-10-30 08:34:53', '2022-10-29 07:47:19', NULL, '2022-11-06 01:14:59', NULL),
(102, 31, 51, 'as', '2022-10-30 08:34:53', '2022-10-29 07:49:27', NULL, '2022-11-06 01:14:51', NULL),
(103, 31, 51, 's', '2022-10-30 08:34:53', '2022-10-29 07:50:37', NULL, '2022-11-06 01:14:42', NULL),
(104, 31, 51, 'sdag', '2022-10-30 08:34:53', '2022-10-29 07:51:05', NULL, '2022-11-06 12:41:54', NULL),
(105, 35, 59, 'Calma sin bien días crimen estará viendo oye fuego llega duele foto quién ley puesto fotos escaleras pistola ay jugar hagan bill mucha recuerdo quise iré asi iré pero anoche palabra miren sabías george pruebas va sir esperen han hecho acabo mejores carne estarás pudiera espere carajo seis mono tom pasó peter a menos trabaja encanta abuela seguro llamas interesa conocer espera', NULL, '2022-10-30 07:14:32', NULL, NULL, NULL),
(106, 35, 59, 'Veré todos quise mil salvar media coronel puede ben bebé coronel necesito sacar recuerda crimen crees ya partes personal cielo conocer estaremos calma línea seas ocurre vio sabemos eso peligroso encima das sexo', NULL, '2022-10-30 07:14:32', NULL, NULL, NULL),
(107, 32, 33, 'Oí un hicimos tendremos sabe vieja he escúchame decir cerebro centro tuya sólo salud noticias aire pueda placer perfecto acabo había iglesia mal diga real cosas ver llegaron línea saberlo estaremos pongo hola nena quedan sra helado novia quiero regalo libro segunda tratando mitad pregunta estábamos serás cumpleaños estan ése hacía cuarto puedas poco éste disparen sus queremos decisión ti porqué anoche clark charlie', NULL, '2022-10-30 07:14:32', NULL, NULL, NULL),
(108, 35, 51, 'Murió tengo sistema das palabra amigos acerca linda suelo buen peter rojo oído piensas roma reglas hacemos muchachos pelea creo volar negocios oído ahí podríamos resto que teléfono momento vuelva sí nena radio tenías seis estaba libertad duele voy días estar ten su presidente éste eras sal fbi deje usted cambio paz disculpe probablemente', NULL, '2022-10-30 07:14:32', NULL, NULL, NULL),
(109, 32, 33, 'Sientes triste pasando vuelto fuerte verte doy baja noche nosotros sir haz drogas oh vayan río finalmente llega encontraremos ella papá conocido otro david cuerpo dije pudiera decisión su estamos estaba él cuántos estas tuvo estamos', NULL, '2022-10-30 07:14:32', NULL, NULL, NULL),
(110, 51, 58, 'Podríamos deben zona ocurrió saberlo encontramos sola nuevo mucho enemigo ha médico mis existe perdón pies david prisa mejores cita ti perro simplemente amigo con coronel adónde estás soy george decir cárcel tres haremos cena cuerpo simplemente mil ataque hagan broma hablar ti veras boca allá entendido llamado diré mejores incluso último vayas silencio luna verlo seth', '2022-10-30 08:39:59', '2022-10-30 07:16:23', NULL, '2022-11-06 04:13:11', NULL),
(111, 56, 32, 'Destino este baile supone sargento ambos muertos podemos mira porque principio decisión coche importa coche salida por último coche quiera ven verlo te ganar mejores vienes gusto decirte información policia noche solo permiso pruebas hazlo rayos cual', NULL, '2022-10-30 07:16:23', NULL, NULL, NULL),
(112, 58, 32, 'Siento búsqueda luna caja ella he acerca seis fuerte médico baño piensa bienvenido hacía cuarto sólo trata cama sin teniente son diferente además existe sé simplemente casa muerta imposible odio', NULL, '2022-10-30 07:16:23', NULL, NULL, NULL),
(113, 56, 59, 'Hogar destino carajo toda adónde lejos eran largo baile esperando cama claro fotos estará gloria recuerdas meses caja había ben asesinato causa vas incluso tú lado coronel pistola bromeando entra noticias fbi servicio marido irme oficina las espada marido teniente poco país hasta basura allá frente trae seth podríamos ser george tiene preocupes salud miren cielo las', NULL, '2022-10-30 07:16:23', NULL, NULL, NULL),
(114, 29, 51, 'Cual peligro favor y trata permiso enfermo suena habitación secreto verdad mató estúpido tampoco segura dio viaje habría ay como harry dios vive drogas tuya estúpido caja verlo sus carajo conocer médico tal deseo irse imposible decirme trata pistola base para parar calle mamá caja dónde verte trata simple va estación llegaron', NULL, '2022-10-30 07:16:23', NULL, NULL, NULL),
(115, 51, 31, 'Hola causa', '2022-10-30 08:39:59', '2022-10-30 08:35:06', NULL, '2022-11-06 04:13:04', NULL),
(116, 51, 31, 'jijija', '2022-10-30 08:39:59', '2022-10-30 08:37:36', NULL, '2022-11-06 04:13:04', NULL),
(117, 51, 31, 'kjlhh', '2022-10-30 08:39:59', '2022-10-30 08:39:52', NULL, '2022-11-06 04:13:04', NULL),
(118, 51, 31, 'jijija', '2022-10-30 08:41:18', '2022-10-30 08:41:11', NULL, '2022-11-06 04:13:03', NULL),
(119, 51, 31, 'haaaaaaaaaaaaa', '2022-10-30 08:42:44', '2022-10-30 08:42:06', NULL, '2022-11-06 04:13:03', NULL),
(120, 51, 31, 'qasdfsd', '2022-10-30 08:42:44', '2022-10-30 08:42:37', NULL, '2022-11-06 04:13:03', NULL),
(121, 51, 31, 'ahhhh', '2022-10-30 08:45:28', '2022-10-30 08:45:21', NULL, '2022-11-06 04:13:03', NULL),
(122, 51, 31, 'hh', '2022-10-30 08:45:57', '2022-10-30 08:45:51', NULL, '2022-11-06 04:13:02', NULL),
(123, 31, 51, 'xdddd', '2022-10-30 08:45:59', '2022-10-30 08:45:59', NULL, '2022-11-06 12:41:52', NULL),
(124, 31, 51, 'yujujuju', '2022-10-30 08:46:15', '2022-10-30 08:46:15', NULL, '2022-10-30 10:58:49', NULL),
(125, 51, 31, 'lhkgjk', '2022-10-30 08:46:19', '2022-10-30 08:46:19', NULL, '2022-11-06 04:13:01', NULL),
(126, 51, 31, 'xd', NULL, '2022-10-30 11:11:38', NULL, '2022-11-06 04:13:00', NULL),
(127, 51, 31, 'ahhhh perro traes el onmitrix', NULL, '2022-11-06 04:06:08', NULL, '2022-11-06 04:11:20', NULL);

-- --------------------------------------------------------

--
-- Estructura de tabla para la tabla `moderaciones`
--

CREATE TABLE `moderaciones` (
  `id` int(10) UNSIGNED NOT NULL,
  `usuario_id` int(11) NOT NULL,
  `informe_id` int(11) NOT NULL,
  `moderacion` varchar(1000) NOT NULL,
  `fecha_alta` datetime NOT NULL,
  `fecha_baja` datetime DEFAULT NULL,
  `destacado` datetime DEFAULT NULL,
  `tipo` enum('comentario','informe') NOT NULL
) ENGINE=InnoDB DEFAULT CHARSET=utf8mb4;

--
-- Volcado de datos para la tabla `moderaciones`
--

INSERT INTO `moderaciones` (`id`, `usuario_id`, `informe_id`, `moderacion`, `fecha_alta`, `fecha_baja`, `destacado`, `tipo`) VALUES
(5, 9, 50, 'siuuuuuu', '2022-09-11 20:22:06', '2022-09-16 02:12:30', NULL, 'informe'),
(6, 29, 50, 'se me canto xd', '2022-09-16 02:12:00', '2022-09-16 02:12:28', NULL, 'informe'),
(7, 29, 61, 'pq se me canto', '2022-09-25 01:43:03', '2022-09-25 01:43:27', NULL, 'informe'),
(8, 29, 47, 'xd', '2022-10-29 03:21:45', '2022-10-30 11:09:42', NULL, 'informe'),
(9, 31, 46, 'nose', '2022-10-07 06:58:49', NULL, NULL, 'informe'),
(20, 31, 43, 'xdddddddddddd', '2022-11-01 10:31:08', NULL, NULL, 'informe'),
(21, 31, 78, 'por decir palabrotas', '2022-11-06 04:08:39', '2022-11-06 04:11:17', NULL, 'informe'),
(22, 51, 59, 'venganza', '2022-11-06 05:29:11', NULL, '2022-11-06 08:45:40', 'informe');

-- --------------------------------------------------------

--
-- Estructura de tabla para la tabla `rangos`
--

CREATE TABLE `rangos` (
  `id` int(10) UNSIGNED NOT NULL,
  `rango` varchar(99) NOT NULL
) ENGINE=InnoDB DEFAULT CHARSET=utf8mb4;

--
-- Volcado de datos para la tabla `rangos`
--

INSERT INTO `rangos` (`id`, `rango`) VALUES
(1, 'user'),
(2, 'mod'),
(3, 'admin');

-- --------------------------------------------------------

--
-- Estructura de tabla para la tabla `rango_usuario`
--

CREATE TABLE `rango_usuario` (
  `id` int(10) UNSIGNED NOT NULL,
  `rango_id` int(11) NOT NULL,
  `usuario_id` int(11) NOT NULL,
  `fecha_alta` datetime NOT NULL,
  `fecha_baja` datetime DEFAULT NULL
) ENGINE=InnoDB DEFAULT CHARSET=utf8mb4;

--
-- Volcado de datos para la tabla `rango_usuario`
--

INSERT INTO `rango_usuario` (`id`, `rango_id`, `usuario_id`, `fecha_alta`, `fecha_baja`) VALUES
(18, 1, 29, '2022-09-14 03:01:11', NULL),
(19, 2, 29, '2022-09-14 15:01:58', NULL),
(20, 1, 30, '2022-09-14 03:11:14', NULL),
(21, 2, 30, '2022-09-14 03:12:20', '2022-09-14 03:12:32'),
(22, 3, 30, '2022-09-14 03:12:25', NULL),
(23, 2, 30, '2022-09-14 03:12:35', NULL),
(24, 1, 31, '2022-09-24 06:37:28', NULL),
(25, 1, 32, '2022-09-25 06:59:44', NULL),
(26, 1, 33, '2022-09-25 07:00:05', NULL),
(27, 1, 34, '2022-09-25 07:00:21', NULL),
(28, 1, 35, '2022-10-07 06:21:31', NULL),
(29, 2, 31, '2022-10-07 06:52:35', '2022-10-07 06:52:40'),
(30, 2, 31, '2022-10-07 06:52:44', NULL),
(31, 3, 31, '2022-10-07 06:52:48', NULL),
(32, 1, 36, '2022-10-07 07:52:23', NULL),
(38, 1, 47, '2022-10-10 10:47:27', NULL),
(39, 1, 48, '2022-10-10 10:51:16', NULL),
(40, 1, 49, '2022-10-10 10:52:08', NULL),
(41, 1, 50, '2022-10-10 11:04:31', NULL),
(42, 1, 51, '2022-10-10 11:08:18', NULL),
(43, 1, 54, '2022-10-12 02:02:53', NULL),
(44, 1, 55, '2022-10-15 08:36:34', NULL),
(45, 3, 56, '2022-10-15 08:37:39', NULL),
(46, 1, 57, '2022-10-17 12:51:03', NULL),
(47, 2, 32, '2022-10-25 11:53:21', '2022-10-25 11:53:34'),
(48, 3, 32, '2022-10-25 11:53:25', '2022-10-25 11:53:29'),
(49, 2, 32, '2022-10-25 11:53:40', '2022-10-25 11:53:43'),
(50, 1, 58, '2022-10-26 02:28:29', NULL),
(51, 1, 59, '2022-10-29 06:00:09', NULL),
(54, 1, 62, '2022-11-01 10:01:40', NULL),
(55, 1, 63, '2022-11-01 10:27:08', NULL),
(56, 1, 64, '2022-11-01 11:50:14', NULL),
(57, 2, 51, '2022-11-06 05:28:02', '2022-11-06 05:30:25'),
(58, 3, 51, '2022-11-06 05:28:11', '2022-11-06 05:30:15');

-- --------------------------------------------------------

--
-- Estructura de tabla para la tabla `usuarios`
--

CREATE TABLE `usuarios` (
  `id` int(11) NOT NULL,
  `user_name` varchar(25) NOT NULL,
  `password` varchar(33) NOT NULL,
  `email` varchar(50) NOT NULL,
  `foto` varchar(2000) NOT NULL,
  `descripcion` varchar(100) DEFAULT NULL,
  `fecha_alta` datetime NOT NULL,
  `fecha_baja` datetime DEFAULT NULL
) ENGINE=InnoDB DEFAULT CHARSET=utf8mb4;

--
-- Volcado de datos para la tabla `usuarios`
--

INSERT INTO `usuarios` (`id`, `user_name`, `password`, `email`, `foto`, `descripcion`, `fecha_alta`, `fecha_baja`) VALUES
(29, 'f', '8fa14cdd754f91cc6554c9e71929cce7', 'f@f', '../../pajarito.jpg', NULL, '2022-09-14 03:01:11', '2022-10-07 07:53:54'),
(30, 'a', '0cc175b9c0f1b6a831c399e269772661', 'a@a', '../../pajarito.jpg', '', '2022-09-14 03:11:14', NULL),
(31, 'NewUser', '1f8725853fd67adcd29635cf41eaeea6', 'correofalso@gmail.com', 'Captura.PNG', 'WWWWWWWWWWWWWWWWWWWWWWWWWWWWWWWWWWWWWWWWWWWWWWWWWWWWWWWWWWWWWWWWWWWWWWWWWWWWWWWWWWWWWWWWWWWWWWWWWWWW', '2022-09-24 06:37:28', NULL),
(32, 'fa', '89e6d2b383471fc370d828e552c19e65', 'g@gmail.com', '../../pajarito.jpg', '', '2022-09-25 06:59:44', NULL),
(33, 'fe', '2d917f5d1275e96fd75e6352e26b1387', 'saff@fd.com', '../../pajarito.jpg', '', '2022-09-25 07:00:05', NULL),
(34, 'fi', '75778bf8fde7266d416b0089e7b8b793', 'fi@d.com', '../../pajarito.jpg', '', '2022-09-25 07:00:21', NULL),
(35, 'ElGabo', 'b110d5fabe2efdf003e47422b3f8d218', 'b@sdfgcom', '../../pajarito.jpg', '', '2022-10-07 06:21:31', '2022-10-07 06:52:05'),
(51, 'ElGabo', '1f8725853fd67adcd29635cf41eaeea6', 'b@sdfgcom', '../../pajarito.jpg', NULL, '2022-10-10 11:08:18', NULL),
(54, 'Lucio', 'd9a5e39ed5218a68b58b3eb86bb1f5da', 'lucio@mail.com', '../../pajarito.jpg', NULL, '2022-10-12 02:02:53', NULL),
(56, 'reichsacht', '5eb3c70fb1c47a19a7b6674092c19fc0', 'sdmatayoshi@gmail.com', '../../pajarito.jpg', '', '2022-10-15 08:37:39', NULL),
(57, 'x', '9dd4e461268c8034f5c8564e155c67a6', 'x@gmail.com', '../../pajarito.jpg', NULL, '2022-10-17 12:51:03', '2022-10-25 11:55:44'),
(58, 'MomazosDiego', '7f30eefe5c51e1ae0939dab2051db75f', 'xd@xd.xd', '../../pajarito.jpg', 'Momazos diego wajajajjajajaja', '2022-10-26 02:28:29', NULL),
(59, 'bionos', '10c2d6058f30aed2760911000a9cf6a0', 'n@n.m', '../../pajarito.jpg', NULL, '2022-10-29 06:00:09', NULL);

--
-- Índices para tablas volcadas
--

--
-- Indices de la tabla `categorias`
--
ALTER TABLE `categorias`
  ADD PRIMARY KEY (`id`);

--
-- Indices de la tabla `categoria_informe`
--
ALTER TABLE `categoria_informe`
  ADD PRIMARY KEY (`id`);

--
-- Indices de la tabla `comentarios`
--
ALTER TABLE `comentarios`
  ADD PRIMARY KEY (`id`);

--
-- Indices de la tabla `comentario_likes`
--
ALTER TABLE `comentario_likes`
  ADD PRIMARY KEY (`id`);

--
-- Indices de la tabla `donaciones`
--
ALTER TABLE `donaciones`
  ADD PRIMARY KEY (`id`);

--
-- Indices de la tabla `favoritos`
--
ALTER TABLE `favoritos`
  ADD PRIMARY KEY (`id`);

--
-- Indices de la tabla `informes`
--
ALTER TABLE `informes`
  ADD PRIMARY KEY (`id`);

--
-- Indices de la tabla `informe_dislikes`
--
ALTER TABLE `informe_dislikes`
  ADD PRIMARY KEY (`id`);

--
-- Indices de la tabla `informe_likes`
--
ALTER TABLE `informe_likes`
  ADD PRIMARY KEY (`id`);

--
-- Indices de la tabla `informe_vistas`
--
ALTER TABLE `informe_vistas`
  ADD PRIMARY KEY (`id`);

--
-- Indices de la tabla `insultos`
--
ALTER TABLE `insultos`
  ADD PRIMARY KEY (`id`);

--
-- Indices de la tabla `mensajes`
--
ALTER TABLE `mensajes`
  ADD PRIMARY KEY (`id`);

--
-- Indices de la tabla `moderaciones`
--
ALTER TABLE `moderaciones`
  ADD PRIMARY KEY (`id`);

--
-- Indices de la tabla `rangos`
--
ALTER TABLE `rangos`
  ADD PRIMARY KEY (`id`);

--
-- Indices de la tabla `rango_usuario`
--
ALTER TABLE `rango_usuario`
  ADD PRIMARY KEY (`id`);

--
-- Indices de la tabla `usuarios`
--
ALTER TABLE `usuarios`
  ADD PRIMARY KEY (`id`);

--
-- AUTO_INCREMENT de las tablas volcadas
--

--
-- AUTO_INCREMENT de la tabla `categorias`
--
ALTER TABLE `categorias`
  MODIFY `id` int(11) NOT NULL AUTO_INCREMENT, AUTO_INCREMENT=7;

--
-- AUTO_INCREMENT de la tabla `categoria_informe`
--
ALTER TABLE `categoria_informe`
  MODIFY `id` int(10) UNSIGNED NOT NULL AUTO_INCREMENT, AUTO_INCREMENT=66;

--
-- AUTO_INCREMENT de la tabla `comentarios`
--
ALTER TABLE `comentarios`
  MODIFY `id` int(10) UNSIGNED NOT NULL AUTO_INCREMENT, AUTO_INCREMENT=65;

--
-- AUTO_INCREMENT de la tabla `comentario_likes`
--
ALTER TABLE `comentario_likes`
  MODIFY `id` int(11) NOT NULL AUTO_INCREMENT;

--
-- AUTO_INCREMENT de la tabla `donaciones`
--
ALTER TABLE `donaciones`
  MODIFY `id` int(10) UNSIGNED NOT NULL AUTO_INCREMENT, AUTO_INCREMENT=45;

--
-- AUTO_INCREMENT de la tabla `favoritos`
--
ALTER TABLE `favoritos`
  MODIFY `id` int(10) UNSIGNED NOT NULL AUTO_INCREMENT, AUTO_INCREMENT=21;

--
-- AUTO_INCREMENT de la tabla `informes`
--
ALTER TABLE `informes`
  MODIFY `id` int(10) UNSIGNED NOT NULL AUTO_INCREMENT, AUTO_INCREMENT=79;

--
-- AUTO_INCREMENT de la tabla `informe_dislikes`
--
ALTER TABLE `informe_dislikes`
  MODIFY `id` int(10) UNSIGNED NOT NULL AUTO_INCREMENT, AUTO_INCREMENT=15;

--
-- AUTO_INCREMENT de la tabla `informe_likes`
--
ALTER TABLE `informe_likes`
  MODIFY `id` int(10) UNSIGNED NOT NULL AUTO_INCREMENT, AUTO_INCREMENT=68;

--
-- AUTO_INCREMENT de la tabla `informe_vistas`
--
ALTER TABLE `informe_vistas`
  MODIFY `id` int(10) UNSIGNED NOT NULL AUTO_INCREMENT, AUTO_INCREMENT=46;

--
-- AUTO_INCREMENT de la tabla `insultos`
--
ALTER TABLE `insultos`
  MODIFY `id` int(20) NOT NULL AUTO_INCREMENT, AUTO_INCREMENT=5;

--
-- AUTO_INCREMENT de la tabla `mensajes`
--
ALTER TABLE `mensajes`
  MODIFY `id` int(10) UNSIGNED NOT NULL AUTO_INCREMENT, AUTO_INCREMENT=128;

--
-- AUTO_INCREMENT de la tabla `moderaciones`
--
ALTER TABLE `moderaciones`
  MODIFY `id` int(10) UNSIGNED NOT NULL AUTO_INCREMENT, AUTO_INCREMENT=23;

--
-- AUTO_INCREMENT de la tabla `rangos`
--
ALTER TABLE `rangos`
  MODIFY `id` int(10) UNSIGNED NOT NULL AUTO_INCREMENT, AUTO_INCREMENT=4;

--
-- AUTO_INCREMENT de la tabla `rango_usuario`
--
ALTER TABLE `rango_usuario`
  MODIFY `id` int(10) UNSIGNED NOT NULL AUTO_INCREMENT, AUTO_INCREMENT=59;

--
-- AUTO_INCREMENT de la tabla `usuarios`
--
ALTER TABLE `usuarios`
  MODIFY `id` int(11) NOT NULL AUTO_INCREMENT, AUTO_INCREMENT=65;
COMMIT;

/*!40101 SET CHARACTER_SET_CLIENT=@OLD_CHARACTER_SET_CLIENT */;
/*!40101 SET CHARACTER_SET_RESULTS=@OLD_CHARACTER_SET_RESULTS */;
/*!40101 SET COLLATION_CONNECTION=@OLD_COLLATION_CONNECTION */;
